"date","Plate.SN","rowi","coli","src_acsn","treatment","conc","rval","srcf","wllq_by_well","wllq_notes_by_well"
"20211103","MW502622B",1,1,"AB","Deltamethrin",0.03,4344.66666666667,"20211103_NFA_Impedance_Calculations.xlsx",1,""
"20211103","MW502622B",1,1,"LDH","Deltamethrin",0.03,0.105766666666667,"20211103_NFA_Impedance_Calculations.xlsx",1,""
"20211103","MW502622B",1,2,"AB","Deltamethrin",0,6823.66666666667,"20211103_NFA_Impedance_Calculations.xlsx",1,""
"20211103","MW502622B",1,2,"LDH","Deltamethrin",0,0.219466666666667,"20211103_NFA_Impedance_Calculations.xlsx",1,""
"20211103","MW502622B",1,3,"AB","Deltamethrin",0.1,9106.66666666667,"20211103_NFA_Impedance_Calculations.xlsx",1,""
"20211103","MW502622B",1,3,"LDH","Deltamethrin",0.1,0.271866666666667,"20211103_NFA_Impedance_Calculations.xlsx",1,""
"20211103","MW502622B",1,4,"AB","Deltamethrin",0.3,8141.66666666667,"20211103_NFA_Impedance_Calculations.xlsx",1,""
"20211103","MW502622B",1,4,"LDH","Deltamethrin",0.3,0.397866666666667,"20211103_NFA_Impedance_Calculations.xlsx",1,""
"20211103","MW502622B",1,5,"AB","Deltamethrin",1,6917.66666666667,"20211103_NFA_Impedance_Calculations.xlsx",1,""
"20211103","MW502622B",1,5,"LDH","Deltamethrin",1,0.307366666666667,"20211103_NFA_Impedance_Calculations.xlsx",1,""
"20211103","MW502622B",1,6,"AB","Deltamethrin",3,7893.66666666667,"20211103_NFA_Impedance_Calculations.xlsx",1,""
"20211103","MW502622B",1,6,"LDH","Deltamethrin",3,0.298366666666667,"20211103_NFA_Impedance_Calculations.xlsx",1,""
"20211103","MW502622B",1,7,"AB","Deltamethrin",10,7464.66666666667,"20211103_NFA_Impedance_Calculations.xlsx",1,""
"20211103","MW502622B",1,7,"LDH","Deltamethrin",10,0.106966666666667,"20211103_NFA_Impedance_Calculations.xlsx",1,""
"20211103","MW502622B",1,8,"AB","Deltamethrin",30,311.666666666667,"20211103_NFA_Impedance_Calculations.xlsx",1,""
"20211103","MW502622B",1,8,"LDH","Deltamethrin",30,0.00286666666666667,"20211103_NFA_Impedance_Calculations.xlsx",1,""
"20211103","MW502622B",2,1,"AB","Thiamethoxam",0.03,9044.66666666667,"20211103_NFA_Impedance_Calculations.xlsx",1,""
"20211103","MW502622B",2,1,"LDH","Thiamethoxam",0.03,0.504566666666667,"20211103_NFA_Impedance_Calculations.xlsx",1,""
"20211103","MW502622B",2,2,"AB","Thiamethoxam",0,11842.6666666667,"20211103_NFA_Impedance_Calculations.xlsx",1,""
"20211103","MW502622B",2,2,"LDH","Thiamethoxam",0,0.784466666666667,"20211103_NFA_Impedance_Calculations.xlsx",1,""
"20211103","MW502622B",2,3,"AB","Thiamethoxam",0.1,12233.6666666667,"20211103_NFA_Impedance_Calculations.xlsx",1,""
"20211103","MW502622B",2,3,"LDH","Thiamethoxam",0.1,0.992766666666667,"20211103_NFA_Impedance_Calculations.xlsx",1,""
"20211103","MW502622B",2,4,"AB","Thiamethoxam",0.3,11180.6666666667,"20211103_NFA_Impedance_Calculations.xlsx",1,""
"20211103","MW502622B",2,4,"LDH","Thiamethoxam",0.3,0.922666666666667,"20211103_NFA_Impedance_Calculations.xlsx",1,""
"20211103","MW502622B",2,5,"AB","Thiamethoxam",1,10738.6666666667,"20211103_NFA_Impedance_Calculations.xlsx",1,""
"20211103","MW502622B",2,5,"LDH","Thiamethoxam",1,0.236166666666667,"20211103_NFA_Impedance_Calculations.xlsx",1,""
"20211103","MW502622B",2,6,"AB","Thiamethoxam",3,352.666666666667,"20211103_NFA_Impedance_Calculations.xlsx",1,""
"20211103","MW502622B",2,6,"LDH","Thiamethoxam",3,0.0734666666666667,"20211103_NFA_Impedance_Calculations.xlsx",1,""
"20211103","MW502622B",2,7,"AB","Thiamethoxam",10,290.666666666667,"20211103_NFA_Impedance_Calculations.xlsx",1,""
"20211103","MW502622B",2,7,"LDH","Thiamethoxam",10,0.0579666666666667,"20211103_NFA_Impedance_Calculations.xlsx",1,""
"20211103","MW502622B",2,8,"AB","Thiamethoxam",30,310.666666666667,"20211103_NFA_Impedance_Calculations.xlsx",1,""
"20211103","MW502622B",2,8,"LDH","Thiamethoxam",30,0.0573666666666667,"20211103_NFA_Impedance_Calculations.xlsx",1,""
"20211103","MW502622B",3,1,"AB","Tributyltin Chloride",0.03,8275.66666666667,"20211103_NFA_Impedance_Calculations.xlsx",1,""
"20211103","MW502622B",3,1,"LDH","Tributyltin Chloride",0.03,0.363966666666667,"20211103_NFA_Impedance_Calculations.xlsx",1,""
"20211103","MW502622B",3,2,"AB","Tributyltin Chloride",0,14689.6666666667,"20211103_NFA_Impedance_Calculations.xlsx",1,""
"20211103","MW502622B",3,2,"LDH","Tributyltin Chloride",0,0.789766666666667,"20211103_NFA_Impedance_Calculations.xlsx",1,""
"20211103","MW502622B",3,3,"AB","Tributyltin Chloride",0.1,539.666666666667,"20211103_NFA_Impedance_Calculations.xlsx",1,""
"20211103","MW502622B",3,3,"LDH","Tributyltin Chloride",0.1,0.00496666666666667,"20211103_NFA_Impedance_Calculations.xlsx",1,""
"20211103","MW502622B",3,4,"AB","Tributyltin Chloride",0.3,418.666666666667,"20211103_NFA_Impedance_Calculations.xlsx",1,""
"20211103","MW502622B",3,4,"LDH","Tributyltin Chloride",0.3,0.00256666666666668,"20211103_NFA_Impedance_Calculations.xlsx",1,""
"20211103","MW502622B",3,5,"AB","Tributyltin Chloride",1,374.666666666667,"20211103_NFA_Impedance_Calculations.xlsx",1,""
"20211103","MW502622B",3,5,"LDH","Tributyltin Chloride",1,0,"20211103_NFA_Impedance_Calculations.xlsx",1,""
"20211103","MW502622B",3,6,"AB","Tributyltin Chloride",3,284.666666666667,"20211103_NFA_Impedance_Calculations.xlsx",1,""
"20211103","MW502622B",3,6,"LDH","Tributyltin Chloride",3,0,"20211103_NFA_Impedance_Calculations.xlsx",1,""
"20211103","MW502622B",3,7,"AB","Tributyltin Chloride",10,269.666666666667,"20211103_NFA_Impedance_Calculations.xlsx",1,""
"20211103","MW502622B",3,7,"LDH","Tributyltin Chloride",10,0,"20211103_NFA_Impedance_Calculations.xlsx",1,""
"20211103","MW502622B",3,8,"AB","Tributyltin Chloride",30,222.666666666667,"20211103_NFA_Impedance_Calculations.xlsx",1,""
"20211103","MW502622B",3,8,"LDH","Tributyltin Chloride",30,0,"20211103_NFA_Impedance_Calculations.xlsx",1,""
"20211103","MW502622B",4,1,"AB","Rotenone",0.03,4366.66666666667,"20211103_NFA_Impedance_Calculations.xlsx",1,""
"20211103","MW502622B",4,1,"LDH","Rotenone",0.03,0.0410666666666667,"20211103_NFA_Impedance_Calculations.xlsx",1,""
"20211103","MW502622B",4,2,"AB","Rotenone",0,11903.6666666667,"20211103_NFA_Impedance_Calculations.xlsx",1,""
"20211103","MW502622B",4,2,"LDH","Rotenone",0,0.791366666666667,"20211103_NFA_Impedance_Calculations.xlsx",1,""
"20211103","MW502622B",4,3,"AB","Rotenone",0.1,3634.66666666667,"20211103_NFA_Impedance_Calculations.xlsx",1,""
"20211103","MW502622B",4,3,"LDH","Rotenone",0.1,0.0267666666666667,"20211103_NFA_Impedance_Calculations.xlsx",1,""
"20211103","MW502622B",4,4,"AB","Rotenone",0.3,1069.66666666667,"20211103_NFA_Impedance_Calculations.xlsx",1,""
"20211103","MW502622B",4,4,"LDH","Rotenone",0.3,0.0118666666666667,"20211103_NFA_Impedance_Calculations.xlsx",1,""
"20211103","MW502622B",4,5,"AB","Rotenone",1,496.666666666667,"20211103_NFA_Impedance_Calculations.xlsx",1,""
"20211103","MW502622B",4,5,"LDH","Rotenone",1,0.00846666666666667,"20211103_NFA_Impedance_Calculations.xlsx",1,""
"20211103","MW502622B",4,6,"AB","Rotenone",3,270.666666666667,"20211103_NFA_Impedance_Calculations.xlsx",1,""
"20211103","MW502622B",4,6,"LDH","Rotenone",3,0.00556666666666667,"20211103_NFA_Impedance_Calculations.xlsx",1,""
"20211103","MW502622B",4,7,"AB","Rotenone",10,257.666666666667,"20211103_NFA_Impedance_Calculations.xlsx",1,""
"20211103","MW502622B",4,7,"LDH","Rotenone",10,0.00366666666666667,"20211103_NFA_Impedance_Calculations.xlsx",1,""
"20211103","MW502622B",4,8,"AB","Rotenone",30,223.666666666667,"20211103_NFA_Impedance_Calculations.xlsx",1,""
"20211103","MW502622B",4,8,"LDH","Rotenone",30,0.00196666666666667,"20211103_NFA_Impedance_Calculations.xlsx",1,""
"20211103","MW502622B",5,1,"AB","Glyphosate",0.03,8062.66666666667,"20211103_NFA_Impedance_Calculations.xlsx",1,""
"20211103","MW502622B",5,1,"LDH","Glyphosate",0.03,0.485366666666667,"20211103_NFA_Impedance_Calculations.xlsx",1,""
"20211103","MW502622B",5,2,"AB","Glyphosate",0,14020.6666666667,"20211103_NFA_Impedance_Calculations.xlsx",1,""
"20211103","MW502622B",5,2,"LDH","Glyphosate",0,0.873866666666667,"20211103_NFA_Impedance_Calculations.xlsx",1,""
"20211103","MW502622B",5,3,"AB","Glyphosate",0.1,12528.6666666667,"20211103_NFA_Impedance_Calculations.xlsx",1,""
"20211103","MW502622B",5,3,"LDH","Glyphosate",0.1,0.739366666666667,"20211103_NFA_Impedance_Calculations.xlsx",1,""
"20211103","MW502622B",5,4,"AB","Glyphosate",0.3,12212.6666666667,"20211103_NFA_Impedance_Calculations.xlsx",1,""
"20211103","MW502622B",5,4,"LDH","Glyphosate",0.3,0.708566666666667,"20211103_NFA_Impedance_Calculations.xlsx",1,""
"20211103","MW502622B",5,5,"AB","Glyphosate",1,11518.6666666667,"20211103_NFA_Impedance_Calculations.xlsx",1,""
"20211103","MW502622B",5,5,"LDH","Glyphosate",1,0.821266666666667,"20211103_NFA_Impedance_Calculations.xlsx",1,""
"20211103","MW502622B",5,6,"AB","Glyphosate",3,9827.66666666667,"20211103_NFA_Impedance_Calculations.xlsx",1,""
"20211103","MW502622B",5,6,"LDH","Glyphosate",3,0.489566666666667,"20211103_NFA_Impedance_Calculations.xlsx",1,""
"20211103","MW502622B",5,7,"AB","Glyphosate",10,10480.6666666667,"20211103_NFA_Impedance_Calculations.xlsx",1,""
"20211103","MW502622B",5,7,"LDH","Glyphosate",10,0.118166666666667,"20211103_NFA_Impedance_Calculations.xlsx",1,""
"20211103","MW502622B",5,8,"AB","Glyphosate",30,150.666666666667,"20211103_NFA_Impedance_Calculations.xlsx",1,""
"20211103","MW502622B",5,8,"LDH","Glyphosate",30,0.00896666666666667,"20211103_NFA_Impedance_Calculations.xlsx",1,""
"20211103","MW502622B",6,1,"AB","Lindane",0.03,5860.66666666667,"20211103_NFA_Impedance_Calculations.xlsx",1,""
"20211103","MW502622B",6,1,"LDH","Lindane",0.03,0.240266666666667,"20211103_NFA_Impedance_Calculations.xlsx",1,""
"20211103","MW502622B",6,2,"AB","Lindane",0,8234.66666666667,"20211103_NFA_Impedance_Calculations.xlsx",1,""
"20211103","MW502622B",6,2,"LDH","Lindane",0,0.410866666666667,"20211103_NFA_Impedance_Calculations.xlsx",1,""
"20211103","MW502622B",6,3,"AB","Lindane",0.1,6587.66666666667,"20211103_NFA_Impedance_Calculations.xlsx",1,""
"20211103","MW502622B",6,3,"LDH","Lindane",0.1,0.451066666666667,"20211103_NFA_Impedance_Calculations.xlsx",1,""
"20211103","MW502622B",6,4,"AB","Lindane",0.3,9338.66666666667,"20211103_NFA_Impedance_Calculations.xlsx",1,""
"20211103","MW502622B",6,4,"LDH","Lindane",0.3,0.560666666666667,"20211103_NFA_Impedance_Calculations.xlsx",1,""
"20211103","MW502622B",6,5,"AB","Lindane",1,9942.66666666667,"20211103_NFA_Impedance_Calculations.xlsx",1,""
"20211103","MW502622B",6,5,"LDH","Lindane",1,0.463266666666667,"20211103_NFA_Impedance_Calculations.xlsx",1,""
"20211103","MW502622B",6,6,"AB","Lindane",3,12391.6666666667,"20211103_NFA_Impedance_Calculations.xlsx",1,""
"20211103","MW502622B",6,6,"LDH","Lindane",3,0.432166666666667,"20211103_NFA_Impedance_Calculations.xlsx",1,""
"20211103","MW502622B",6,7,"AB","Lindane",10,7013.66666666667,"20211103_NFA_Impedance_Calculations.xlsx",1,""
"20211103","MW502622B",6,7,"LDH","Lindane",10,0.190266666666667,"20211103_NFA_Impedance_Calculations.xlsx",1,""
"20211103","MW502622B",6,8,"AB","Lindane",30,5207.66666666667,"20211103_NFA_Impedance_Calculations.xlsx",1,""
"20211103","MW502622B",6,8,"LDH","Lindane",30,0.0592666666666667,"20211103_NFA_Impedance_Calculations.xlsx",1,""
"20211103","MW502622D",1,1,"AB","Tributyltin Chloride",0.03,6577.66666666667,"20211103_NFA_Impedance_Calculations.xlsx",1,""
"20211103","MW502622D",1,1,"LDH","Tributyltin Chloride",0.03,0.116333333333333,"20211103_NFA_Impedance_Calculations.xlsx",1,""
"20211103","MW502622D",1,2,"AB","Tributyltin Chloride",0,11241.6666666667,"20211103_NFA_Impedance_Calculations.xlsx",1,""
"20211103","MW502622D",1,2,"LDH","Tributyltin Chloride",0,0.400833333333333,"20211103_NFA_Impedance_Calculations.xlsx",1,""
"20211103","MW502622D",1,3,"AB","Tributyltin Chloride",0.1,391.666666666667,"20211103_NFA_Impedance_Calculations.xlsx",1,""
"20211103","MW502622D",1,3,"LDH","Tributyltin Chloride",0.1,0.00543333333333333,"20211103_NFA_Impedance_Calculations.xlsx",1,""
"20211103","MW502622D",1,4,"AB","Tributyltin Chloride",0.3,334.666666666667,"20211103_NFA_Impedance_Calculations.xlsx",1,""
"20211103","MW502622D",1,4,"LDH","Tributyltin Chloride",0.3,0.00483333333333333,"20211103_NFA_Impedance_Calculations.xlsx",1,""
"20211103","MW502622D",1,5,"AB","Tributyltin Chloride",1,298.666666666667,"20211103_NFA_Impedance_Calculations.xlsx",1,""
"20211103","MW502622D",1,5,"LDH","Tributyltin Chloride",1,0.00453333333333333,"20211103_NFA_Impedance_Calculations.xlsx",1,""
"20211103","MW502622D",1,6,"AB","Tributyltin Chloride",3,424.666666666667,"20211103_NFA_Impedance_Calculations.xlsx",1,""
"20211103","MW502622D",1,6,"LDH","Tributyltin Chloride",3,0.00413333333333334,"20211103_NFA_Impedance_Calculations.xlsx",1,""
"20211103","MW502622D",1,7,"AB","Tributyltin Chloride",10,406.666666666667,"20211103_NFA_Impedance_Calculations.xlsx",1,""
"20211103","MW502622D",1,7,"LDH","Tributyltin Chloride",10,0.00363333333333334,"20211103_NFA_Impedance_Calculations.xlsx",1,""
"20211103","MW502622D",1,8,"AB","Tributyltin Chloride",30,370.666666666667,"20211103_NFA_Impedance_Calculations.xlsx",1,""
"20211103","MW502622D",1,8,"LDH","Tributyltin Chloride",30,0.00383333333333333,"20211103_NFA_Impedance_Calculations.xlsx",1,""
"20211103","MW502622D",2,1,"AB","Deltamethrin",0.03,11062.6666666667,"20211103_NFA_Impedance_Calculations.xlsx",1,""
"20211103","MW502622D",2,1,"LDH","Deltamethrin",0.03,0.400533333333333,"20211103_NFA_Impedance_Calculations.xlsx",1,""
"20211103","MW502622D",2,2,"AB","Deltamethrin",0,13186.6666666667,"20211103_NFA_Impedance_Calculations.xlsx",1,""
"20211103","MW502622D",2,2,"LDH","Deltamethrin",0,0.490033333333333,"20211103_NFA_Impedance_Calculations.xlsx",1,""
"20211103","MW502622D",2,3,"AB","Deltamethrin",0.1,12890.6666666667,"20211103_NFA_Impedance_Calculations.xlsx",1,""
"20211103","MW502622D",2,3,"LDH","Deltamethrin",0.1,0.522633333333333,"20211103_NFA_Impedance_Calculations.xlsx",1,""
"20211103","MW502622D",2,4,"AB","Deltamethrin",0.3,12929.6666666667,"20211103_NFA_Impedance_Calculations.xlsx",1,""
"20211103","MW502622D",2,4,"LDH","Deltamethrin",0.3,0.508033333333333,"20211103_NFA_Impedance_Calculations.xlsx",1,""
"20211103","MW502622D",2,5,"AB","Deltamethrin",1,14773.6666666667,"20211103_NFA_Impedance_Calculations.xlsx",1,""
"20211103","MW502622D",2,5,"LDH","Deltamethrin",1,0.501433333333333,"20211103_NFA_Impedance_Calculations.xlsx",1,""
"20211103","MW502622D",2,6,"AB","Deltamethrin",3,10133.6666666667,"20211103_NFA_Impedance_Calculations.xlsx",1,""
"20211103","MW502622D",2,6,"LDH","Deltamethrin",3,0.193833333333333,"20211103_NFA_Impedance_Calculations.xlsx",1,""
"20211103","MW502622D",2,7,"AB","Deltamethrin",10,324.666666666667,"20211103_NFA_Impedance_Calculations.xlsx",1,""
"20211103","MW502622D",2,7,"LDH","Deltamethrin",10,0.0533333333333333,"20211103_NFA_Impedance_Calculations.xlsx",1,""
"20211103","MW502622D",2,8,"AB","Deltamethrin",30,288.666666666667,"20211103_NFA_Impedance_Calculations.xlsx",1,""
"20211103","MW502622D",2,8,"LDH","Deltamethrin",30,0.0533333333333333,"20211103_NFA_Impedance_Calculations.xlsx",1,""
"20211103","MW502622D",3,1,"AB","Thiamethoxam",0.03,9087.66666666667,"20211103_NFA_Impedance_Calculations.xlsx",1,""
"20211103","MW502622D",3,1,"LDH","Thiamethoxam",0.03,0.303433333333333,"20211103_NFA_Impedance_Calculations.xlsx",1,""
"20211103","MW502622D",3,2,"AB","Thiamethoxam",0,11767.6666666667,"20211103_NFA_Impedance_Calculations.xlsx",1,""
"20211103","MW502622D",3,2,"LDH","Thiamethoxam",0,0.413433333333333,"20211103_NFA_Impedance_Calculations.xlsx",1,""
"20211103","MW502622D",3,3,"AB","Thiamethoxam",0.1,10559.6666666667,"20211103_NFA_Impedance_Calculations.xlsx",1,""
"20211103","MW502622D",3,3,"LDH","Thiamethoxam",0.1,0.496633333333333,"20211103_NFA_Impedance_Calculations.xlsx",1,""
"20211103","MW502622D",3,4,"AB","Thiamethoxam",0.3,10587.6666666667,"20211103_NFA_Impedance_Calculations.xlsx",1,""
"20211103","MW502622D",3,4,"LDH","Thiamethoxam",0.3,0.440333333333333,"20211103_NFA_Impedance_Calculations.xlsx",1,""
"20211103","MW502622D",3,5,"AB","Thiamethoxam",1,13715.6666666667,"20211103_NFA_Impedance_Calculations.xlsx",1,""
"20211103","MW502622D",3,5,"LDH","Thiamethoxam",1,0.426933333333333,"20211103_NFA_Impedance_Calculations.xlsx",1,""
"20211103","MW502622D",3,6,"AB","Thiamethoxam",3,15850.6666666667,"20211103_NFA_Impedance_Calculations.xlsx",1,""
"20211103","MW502622D",3,6,"LDH","Thiamethoxam",3,0.471233333333333,"20211103_NFA_Impedance_Calculations.xlsx",1,""
"20211103","MW502622D",3,7,"AB","Thiamethoxam",10,15956.6666666667,"20211103_NFA_Impedance_Calculations.xlsx",1,""
"20211103","MW502622D",3,7,"LDH","Thiamethoxam",10,0.399733333333333,"20211103_NFA_Impedance_Calculations.xlsx",1,""
"20211103","MW502622D",3,8,"AB","Thiamethoxam",30,11165.6666666667,"20211103_NFA_Impedance_Calculations.xlsx",1,""
"20211103","MW502622D",3,8,"LDH","Thiamethoxam",30,0.0680333333333333,"20211103_NFA_Impedance_Calculations.xlsx",1,""
"20211103","MW502622D",4,1,"AB","Lindane",0.03,8131.66666666667,"20211103_NFA_Impedance_Calculations.xlsx",1,""
"20211103","MW502622D",4,1,"LDH","Lindane",0.03,0.286633333333333,"20211103_NFA_Impedance_Calculations.xlsx",1,""
"20211103","MW502622D",4,2,"AB","Lindane",0,13308.6666666667,"20211103_NFA_Impedance_Calculations.xlsx",1,""
"20211103","MW502622D",4,2,"LDH","Lindane",0,0.802133333333333,"20211103_NFA_Impedance_Calculations.xlsx",1,""
"20211103","MW502622D",4,3,"AB","Lindane",0.1,12069.6666666667,"20211103_NFA_Impedance_Calculations.xlsx",1,""
"20211103","MW502622D",4,3,"LDH","Lindane",0.1,0.426433333333333,"20211103_NFA_Impedance_Calculations.xlsx",1,""
"20211103","MW502622D",4,4,"AB","Lindane",0.3,12799.6666666667,"20211103_NFA_Impedance_Calculations.xlsx",1,""
"20211103","MW502622D",4,4,"LDH","Lindane",0.3,0.503833333333333,"20211103_NFA_Impedance_Calculations.xlsx",1,""
"20211103","MW502622D",4,5,"AB","Lindane",1,13010.6666666667,"20211103_NFA_Impedance_Calculations.xlsx",1,""
"20211103","MW502622D",4,5,"LDH","Lindane",1,0.494733333333333,"20211103_NFA_Impedance_Calculations.xlsx",1,""
"20211103","MW502622D",4,6,"AB","Lindane",3,15321.6666666667,"20211103_NFA_Impedance_Calculations.xlsx",1,""
"20211103","MW502622D",4,6,"LDH","Lindane",3,0.445733333333333,"20211103_NFA_Impedance_Calculations.xlsx",1,""
"20211103","MW502622D",4,7,"AB","Lindane",10,12795.6666666667,"20211103_NFA_Impedance_Calculations.xlsx",1,""
"20211103","MW502622D",4,7,"LDH","Lindane",10,0.416133333333333,"20211103_NFA_Impedance_Calculations.xlsx",1,""
"20211103","MW502622D",4,8,"AB","Lindane",30,7657.66666666667,"20211103_NFA_Impedance_Calculations.xlsx",1,""
"20211103","MW502622D",4,8,"LDH","Lindane",30,0.0831333333333333,"20211103_NFA_Impedance_Calculations.xlsx",1,""
"20211103","MW502622D",5,1,"AB","Rotenone",0.03,3351.66666666667,"20211103_NFA_Impedance_Calculations.xlsx",1,""
"20211103","MW502622D",5,1,"LDH","Rotenone",0.03,0.0252333333333333,"20211103_NFA_Impedance_Calculations.xlsx",1,""
"20211103","MW502622D",5,2,"AB","Rotenone",0,11625.6666666667,"20211103_NFA_Impedance_Calculations.xlsx",1,""
"20211103","MW502622D",5,2,"LDH","Rotenone",0,0.416333333333333,"20211103_NFA_Impedance_Calculations.xlsx",1,""
"20211103","MW502622D",5,3,"AB","Rotenone",0.1,4085.66666666667,"20211103_NFA_Impedance_Calculations.xlsx",1,""
"20211103","MW502622D",5,3,"LDH","Rotenone",0.1,0.0174333333333333,"20211103_NFA_Impedance_Calculations.xlsx",1,""
"20211103","MW502622D",5,4,"AB","Rotenone",0.3,739.666666666667,"20211103_NFA_Impedance_Calculations.xlsx",1,""
"20211103","MW502622D",5,4,"LDH","Rotenone",0.3,0.0156333333333333,"20211103_NFA_Impedance_Calculations.xlsx",1,""
"20211103","MW502622D",5,5,"AB","Rotenone",1,612.666666666667,"20211103_NFA_Impedance_Calculations.xlsx",1,""
"20211103","MW502622D",5,5,"LDH","Rotenone",1,0.0114333333333333,"20211103_NFA_Impedance_Calculations.xlsx",1,""
"20211103","MW502622D",5,6,"AB","Rotenone",3,581.666666666667,"20211103_NFA_Impedance_Calculations.xlsx",1,""
"20211103","MW502622D",5,6,"LDH","Rotenone",3,0.00633333333333333,"20211103_NFA_Impedance_Calculations.xlsx",1,""
"20211103","MW502622D",5,7,"AB","Rotenone",10,550.666666666667,"20211103_NFA_Impedance_Calculations.xlsx",1,""
"20211103","MW502622D",5,7,"LDH","Rotenone",10,0.00663333333333334,"20211103_NFA_Impedance_Calculations.xlsx",1,""
"20211103","MW502622D",5,8,"AB","Rotenone",30,317.666666666667,"20211103_NFA_Impedance_Calculations.xlsx",1,""
"20211103","MW502622D",5,8,"LDH","Rotenone",30,0.00573333333333334,"20211103_NFA_Impedance_Calculations.xlsx",1,""
"20211103","MW502622D",6,1,"AB","Glyphosate",0.03,6381.66666666667,"20211103_NFA_Impedance_Calculations.xlsx",1,""
"20211103","MW502622D",6,1,"LDH","Glyphosate",0.03,0.106733333333333,"20211103_NFA_Impedance_Calculations.xlsx",1,""
"20211103","MW502622D",6,2,"AB","Glyphosate",0,9832.66666666667,"20211103_NFA_Impedance_Calculations.xlsx",1,""
"20211103","MW502622D",6,2,"LDH","Glyphosate",0,0.316733333333333,"20211103_NFA_Impedance_Calculations.xlsx",1,""
"20211103","MW502622D",6,3,"AB","Glyphosate",0.1,10385.6666666667,"20211103_NFA_Impedance_Calculations.xlsx",1,""
"20211103","MW502622D",6,3,"LDH","Glyphosate",0.1,0.389133333333333,"20211103_NFA_Impedance_Calculations.xlsx",1,""
"20211103","MW502622D",6,4,"AB","Glyphosate",0.3,13263.6666666667,"20211103_NFA_Impedance_Calculations.xlsx",1,""
"20211103","MW502622D",6,4,"LDH","Glyphosate",0.3,0.368533333333333,"20211103_NFA_Impedance_Calculations.xlsx",1,""
"20211103","MW502622D",6,5,"AB","Glyphosate",1,10442.6666666667,"20211103_NFA_Impedance_Calculations.xlsx",1,""
"20211103","MW502622D",6,5,"LDH","Glyphosate",1,0.553033333333333,"20211103_NFA_Impedance_Calculations.xlsx",1,""
"20211103","MW502622D",6,6,"AB","Glyphosate",3,12469.6666666667,"20211103_NFA_Impedance_Calculations.xlsx",1,""
"20211103","MW502622D",6,6,"LDH","Glyphosate",3,0.402233333333333,"20211103_NFA_Impedance_Calculations.xlsx",1,""
"20211103","MW502622D",6,7,"AB","Glyphosate",10,9812.66666666667,"20211103_NFA_Impedance_Calculations.xlsx",1,""
"20211103","MW502622D",6,7,"LDH","Glyphosate",10,0.359333333333333,"20211103_NFA_Impedance_Calculations.xlsx",1,""
"20211103","MW502622D",6,8,"AB","Glyphosate",30,7869.66666666667,"20211103_NFA_Impedance_Calculations.xlsx",1,""
"20211103","MW502622D",6,8,"LDH","Glyphosate",30,0.123233333333333,"20211103_NFA_Impedance_Calculations.xlsx",1,""
"20211103","MW507214B",1,1,"AB","Thiamethoxam",0.03,7605,"20211103_NFA_Impedance_Calculations.xlsx",1,""
"20211103","MW507214B",1,1,"LDH","Thiamethoxam",0.03,0.441433333333333,"20211103_NFA_Impedance_Calculations.xlsx",1,""
"20211103","MW507214B",1,2,"AB","Thiamethoxam",0,8458,"20211103_NFA_Impedance_Calculations.xlsx",1,""
"20211103","MW507214B",1,2,"LDH","Thiamethoxam",0,0.446933333333333,"20211103_NFA_Impedance_Calculations.xlsx",1,""
"20211103","MW507214B",1,3,"AB","Thiamethoxam",0.1,8830,"20211103_NFA_Impedance_Calculations.xlsx",1,""
"20211103","MW507214B",1,3,"LDH","Thiamethoxam",0.1,0.445333333333333,"20211103_NFA_Impedance_Calculations.xlsx",1,""
"20211103","MW507214B",1,4,"AB","Thiamethoxam",0.3,9457,"20211103_NFA_Impedance_Calculations.xlsx",1,""
"20211103","MW507214B",1,4,"LDH","Thiamethoxam",0.3,0.408233333333333,"20211103_NFA_Impedance_Calculations.xlsx",1,""
"20211103","MW507214B",1,5,"AB","Thiamethoxam",1,8412,"20211103_NFA_Impedance_Calculations.xlsx",1,""
"20211103","MW507214B",1,5,"LDH","Thiamethoxam",1,0.206833333333333,"20211103_NFA_Impedance_Calculations.xlsx",1,""
"20211103","MW507214B",1,6,"AB","Thiamethoxam",3,276,"20211103_NFA_Impedance_Calculations.xlsx",1,""
"20211103","MW507214B",1,6,"LDH","Thiamethoxam",3,0.00413333333333333,"20211103_NFA_Impedance_Calculations.xlsx",1,""
"20211103","MW507214B",1,7,"AB","Thiamethoxam",10,417,"20211103_NFA_Impedance_Calculations.xlsx",1,""
"20211103","MW507214B",1,7,"LDH","Thiamethoxam",10,0.00243333333333333,"20211103_NFA_Impedance_Calculations.xlsx",1,""
"20211103","MW507214B",1,8,"AB","Thiamethoxam",30,291,"20211103_NFA_Impedance_Calculations.xlsx",1,""
"20211103","MW507214B",1,8,"LDH","Thiamethoxam",30,0.00463333333333333,"20211103_NFA_Impedance_Calculations.xlsx",1,""
"20211103","MW507214B",2,1,"AB","Tributyltin Chloride",0.03,11564,"20211103_NFA_Impedance_Calculations.xlsx",1,""
"20211103","MW507214B",2,1,"LDH","Tributyltin Chloride",0.03,0.366833333333333,"20211103_NFA_Impedance_Calculations.xlsx",1,""
"20211103","MW507214B",2,2,"AB","Tributyltin Chloride",0,13794,"20211103_NFA_Impedance_Calculations.xlsx",1,""
"20211103","MW507214B",2,2,"LDH","Tributyltin Chloride",0,0.577933333333333,"20211103_NFA_Impedance_Calculations.xlsx",1,""
"20211103","MW507214B",2,3,"AB","Tributyltin Chloride",0.1,279,"20211103_NFA_Impedance_Calculations.xlsx",1,""
"20211103","MW507214B",2,3,"LDH","Tributyltin Chloride",0.1,0.0618333333333333,"20211103_NFA_Impedance_Calculations.xlsx",1,""
"20211103","MW507214B",2,4,"AB","Tributyltin Chloride",0.3,267,"20211103_NFA_Impedance_Calculations.xlsx",1,""
"20211103","MW507214B",2,4,"LDH","Tributyltin Chloride",0.3,0.0602333333333333,"20211103_NFA_Impedance_Calculations.xlsx",1,""
"20211103","MW507214B",2,5,"AB","Tributyltin Chloride",1,282,"20211103_NFA_Impedance_Calculations.xlsx",1,""
"20211103","MW507214B",2,5,"LDH","Tributyltin Chloride",1,0.0612333333333333,"20211103_NFA_Impedance_Calculations.xlsx",1,""
"20211103","MW507214B",2,6,"AB","Tributyltin Chloride",3,291,"20211103_NFA_Impedance_Calculations.xlsx",1,""
"20211103","MW507214B",2,6,"LDH","Tributyltin Chloride",3,0.0710333333333333,"20211103_NFA_Impedance_Calculations.xlsx",1,""
"20211103","MW507214B",2,7,"AB","Tributyltin Chloride",10,366,"20211103_NFA_Impedance_Calculations.xlsx",1,""
"20211103","MW507214B",2,7,"LDH","Tributyltin Chloride",10,0.0516333333333333,"20211103_NFA_Impedance_Calculations.xlsx",1,""
"20211103","MW507214B",2,8,"AB","Tributyltin Chloride",30,232,"20211103_NFA_Impedance_Calculations.xlsx",1,""
"20211103","MW507214B",2,8,"LDH","Tributyltin Chloride",30,0.0534333333333333,"20211103_NFA_Impedance_Calculations.xlsx",1,""
"20211103","MW507214B",3,1,"AB","Deltamethrin",0.03,9383,"20211103_NFA_Impedance_Calculations.xlsx",1,""
"20211103","MW507214B",3,1,"LDH","Deltamethrin",0.03,0.538933333333333,"20211103_NFA_Impedance_Calculations.xlsx",1,""
"20211103","MW507214B",3,2,"AB","Deltamethrin",0,8804,"20211103_NFA_Impedance_Calculations.xlsx",1,""
"20211103","MW507214B",3,2,"LDH","Deltamethrin",0,0.451533333333333,"20211103_NFA_Impedance_Calculations.xlsx",1,""
"20211103","MW507214B",3,3,"AB","Deltamethrin",0.1,11463,"20211103_NFA_Impedance_Calculations.xlsx",1,""
"20211103","MW507214B",3,3,"LDH","Deltamethrin",0.1,0.625733333333333,"20211103_NFA_Impedance_Calculations.xlsx",1,""
"20211103","MW507214B",3,4,"AB","Deltamethrin",0.3,8344,"20211103_NFA_Impedance_Calculations.xlsx",1,""
"20211103","MW507214B",3,4,"LDH","Deltamethrin",0.3,0.514733333333333,"20211103_NFA_Impedance_Calculations.xlsx",1,""
"20211103","MW507214B",3,5,"AB","Deltamethrin",1,8819,"20211103_NFA_Impedance_Calculations.xlsx",1,""
"20211103","MW507214B",3,5,"LDH","Deltamethrin",1,0.215333333333333,"20211103_NFA_Impedance_Calculations.xlsx",1,""
"20211103","MW507214B",3,6,"AB","Deltamethrin",3,296,"20211103_NFA_Impedance_Calculations.xlsx",1,""
"20211103","MW507214B",3,6,"LDH","Deltamethrin",3,0.00633333333333334,"20211103_NFA_Impedance_Calculations.xlsx",1,""
"20211103","MW507214B",3,7,"AB","Deltamethrin",10,420,"20211103_NFA_Impedance_Calculations.xlsx",1,""
"20211103","MW507214B",3,7,"LDH","Deltamethrin",10,0.00383333333333333,"20211103_NFA_Impedance_Calculations.xlsx",1,""
"20211103","MW507214B",3,8,"AB","Deltamethrin",30,277,"20211103_NFA_Impedance_Calculations.xlsx",1,""
"20211103","MW507214B",3,8,"LDH","Deltamethrin",30,0.00343333333333333,"20211103_NFA_Impedance_Calculations.xlsx",1,""
"20211103","MW507214B",4,1,"AB","Glyphosate",0.03,9022,"20211103_NFA_Impedance_Calculations.xlsx",1,""
"20211103","MW507214B",4,1,"LDH","Glyphosate",0.03,0.439333333333333,"20211103_NFA_Impedance_Calculations.xlsx",1,""
"20211103","MW507214B",4,2,"AB","Glyphosate",0,10901,"20211103_NFA_Impedance_Calculations.xlsx",1,""
"20211103","MW507214B",4,2,"LDH","Glyphosate",0,0.532733333333333,"20211103_NFA_Impedance_Calculations.xlsx",1,""
"20211103","MW507214B",4,3,"AB","Glyphosate",0.1,10875,"20211103_NFA_Impedance_Calculations.xlsx",1,""
"20211103","MW507214B",4,3,"LDH","Glyphosate",0.1,0.618833333333333,"20211103_NFA_Impedance_Calculations.xlsx",1,""
"20211103","MW507214B",4,4,"AB","Glyphosate",0.3,9688,"20211103_NFA_Impedance_Calculations.xlsx",1,""
"20211103","MW507214B",4,4,"LDH","Glyphosate",0.3,0.580133333333333,"20211103_NFA_Impedance_Calculations.xlsx",1,""
"20211103","MW507214B",4,5,"AB","Glyphosate",1,11734,"20211103_NFA_Impedance_Calculations.xlsx",1,""
"20211103","MW507214B",4,5,"LDH","Glyphosate",1,0.591933333333333,"20211103_NFA_Impedance_Calculations.xlsx",1,""
"20211103","MW507214B",4,6,"AB","Glyphosate",3,11983,"20211103_NFA_Impedance_Calculations.xlsx",1,""
"20211103","MW507214B",4,6,"LDH","Glyphosate",3,0.733933333333333,"20211103_NFA_Impedance_Calculations.xlsx",1,""
"20211103","MW507214B",4,7,"AB","Glyphosate",10,10865,"20211103_NFA_Impedance_Calculations.xlsx",1,""
"20211103","MW507214B",4,7,"LDH","Glyphosate",10,0.233633333333333,"20211103_NFA_Impedance_Calculations.xlsx",1,""
"20211103","MW507214B",4,8,"AB","Glyphosate",30,635,"20211103_NFA_Impedance_Calculations.xlsx",1,""
"20211103","MW507214B",4,8,"LDH","Glyphosate",30,0.0199333333333333,"20211103_NFA_Impedance_Calculations.xlsx",1,""
"20211103","MW507214B",5,1,"AB","Lindane",0.03,9969,"20211103_NFA_Impedance_Calculations.xlsx",1,""
"20211103","MW507214B",5,1,"LDH","Lindane",0.03,0.464233333333333,"20211103_NFA_Impedance_Calculations.xlsx",1,""
"20211103","MW507214B",5,2,"AB","Lindane",0,21339,"20211103_NFA_Impedance_Calculations.xlsx",1,""
"20211103","MW507214B",5,2,"LDH","Lindane",0,0.484833333333333,"20211103_NFA_Impedance_Calculations.xlsx",1,""
"20211103","MW507214B",5,3,"AB","Lindane",0.1,17189,"20211103_NFA_Impedance_Calculations.xlsx",1,""
"20211103","MW507214B",5,3,"LDH","Lindane",0.1,0.429633333333333,"20211103_NFA_Impedance_Calculations.xlsx",1,""
"20211103","MW507214B",5,4,"AB","Lindane",0.3,15209,"20211103_NFA_Impedance_Calculations.xlsx",1,""
"20211103","MW507214B",5,4,"LDH","Lindane",0.3,0.472033333333333,"20211103_NFA_Impedance_Calculations.xlsx",1,""
"20211103","MW507214B",5,5,"AB","Lindane",1,19899,"20211103_NFA_Impedance_Calculations.xlsx",1,""
"20211103","MW507214B",5,5,"LDH","Lindane",1,0.502033333333333,"20211103_NFA_Impedance_Calculations.xlsx",1,""
"20211103","MW507214B",5,6,"AB","Lindane",3,14425,"20211103_NFA_Impedance_Calculations.xlsx",1,""
"20211103","MW507214B",5,6,"LDH","Lindane",3,0.477333333333333,"20211103_NFA_Impedance_Calculations.xlsx",1,""
"20211103","MW507214B",5,7,"AB","Lindane",10,17043,"20211103_NFA_Impedance_Calculations.xlsx",1,""
"20211103","MW507214B",5,7,"LDH","Lindane",10,0.496233333333333,"20211103_NFA_Impedance_Calculations.xlsx",1,""
"20211103","MW507214B",5,8,"AB","Lindane",30,8121,"20211103_NFA_Impedance_Calculations.xlsx",1,""
"20211103","MW507214B",5,8,"LDH","Lindane",30,0.0918333333333333,"20211103_NFA_Impedance_Calculations.xlsx",1,""
"20211103","MW507214B",6,1,"AB","Rotenone",0.03,4043,"20211103_NFA_Impedance_Calculations.xlsx",1,""
"20211103","MW507214B",6,1,"LDH","Rotenone",0.03,0.0206333333333333,"20211103_NFA_Impedance_Calculations.xlsx",1,""
"20211103","MW507214B",6,2,"AB","Rotenone",0,16085,"20211103_NFA_Impedance_Calculations.xlsx",1,""
"20211103","MW507214B",6,2,"LDH","Rotenone",0,0.444033333333333,"20211103_NFA_Impedance_Calculations.xlsx",1,""
"20211103","MW507214B",6,3,"AB","Rotenone",0.1,1881,"20211103_NFA_Impedance_Calculations.xlsx",1,""
"20211103","MW507214B",6,3,"LDH","Rotenone",0.1,0.0162333333333333,"20211103_NFA_Impedance_Calculations.xlsx",1,""
"20211103","MW507214B",6,4,"AB","Rotenone",0.3,899,"20211103_NFA_Impedance_Calculations.xlsx",1,""
"20211103","MW507214B",6,4,"LDH","Rotenone",0.3,0.00883333333333332,"20211103_NFA_Impedance_Calculations.xlsx",1,""
"20211103","MW507214B",6,5,"AB","Rotenone",1,903,"20211103_NFA_Impedance_Calculations.xlsx",1,""
"20211103","MW507214B",6,5,"LDH","Rotenone",1,0.00823333333333334,"20211103_NFA_Impedance_Calculations.xlsx",1,""
"20211103","MW507214B",6,6,"AB","Rotenone",3,1048,"20211103_NFA_Impedance_Calculations.xlsx",1,""
"20211103","MW507214B",6,6,"LDH","Rotenone",3,0.00623333333333333,"20211103_NFA_Impedance_Calculations.xlsx",1,""
"20211103","MW507214B",6,7,"AB","Rotenone",10,931,"20211103_NFA_Impedance_Calculations.xlsx",1,""
"20211103","MW507214B",6,7,"LDH","Rotenone",10,0.00503333333333333,"20211103_NFA_Impedance_Calculations.xlsx",1,""
"20211103","MW507214B",6,8,"AB","Rotenone",30,455,"20211103_NFA_Impedance_Calculations.xlsx",1,""
"20211103","MW507214B",6,8,"LDH","Rotenone",30,0.00333333333333333,"20211103_NFA_Impedance_Calculations.xlsx",1,""
"20220209","MW89-4613",1,1,"AB","Thiamethoxam",0.03,9785.66666666667,"20220209_NFA_Impedance_Calculations.xlsx",1,""
"20220209","MW89-4613",1,1,"LDH","Thiamethoxam",0.03,0.350766666666667,"20220209_NFA_Impedance_Calculations.xlsx",1,""
"20220209","MW89-4613",1,2,"AB","Thiamethoxam",0,12762.6666666667,"20220209_NFA_Impedance_Calculations.xlsx",1,""
"20220209","MW89-4613",1,2,"LDH","Thiamethoxam",0,0.629066666666667,"20220209_NFA_Impedance_Calculations.xlsx",1,""
"20220209","MW89-4613",1,3,"AB","Thiamethoxam",0.1,15096.6666666667,"20220209_NFA_Impedance_Calculations.xlsx",1,""
"20220209","MW89-4613",1,3,"LDH","Thiamethoxam",0.1,1.07756666666667,"20220209_NFA_Impedance_Calculations.xlsx",1,""
"20220209","MW89-4613",1,4,"AB","Thiamethoxam",0.3,15718.6666666667,"20220209_NFA_Impedance_Calculations.xlsx",1,""
"20220209","MW89-4613",1,4,"LDH","Thiamethoxam",0.3,1.35136666666667,"20220209_NFA_Impedance_Calculations.xlsx",1,""
"20220209","MW89-4613",1,5,"AB","Thiamethoxam",1,17137.6666666667,"20220209_NFA_Impedance_Calculations.xlsx",1,""
"20220209","MW89-4613",1,5,"LDH","Thiamethoxam",1,0.591866666666667,"20220209_NFA_Impedance_Calculations.xlsx",1,""
"20220209","MW89-4613",1,6,"AB","Thiamethoxam",3,14569.6666666667,"20220209_NFA_Impedance_Calculations.xlsx",1,""
"20220209","MW89-4613",1,6,"LDH","Thiamethoxam",3,0.514166666666667,"20220209_NFA_Impedance_Calculations.xlsx",1,""
"20220209","MW89-4613",1,7,"AB","Thiamethoxam",10,14454.6666666667,"20220209_NFA_Impedance_Calculations.xlsx",1,""
"20220209","MW89-4613",1,7,"LDH","Thiamethoxam",10,0.567466666666667,"20220209_NFA_Impedance_Calculations.xlsx",1,""
"20220209","MW89-4613",1,8,"AB","Thiamethoxam",30,14972.6666666667,"20220209_NFA_Impedance_Calculations.xlsx",1,""
"20220209","MW89-4613",1,8,"LDH","Thiamethoxam",30,0.554366666666667,"20220209_NFA_Impedance_Calculations.xlsx",1,""
"20220209","MW89-4613",2,1,"AB","Tributyltin Chloride",1e-04,11956.6666666667,"20220209_NFA_Impedance_Calculations.xlsx",1,""
"20220209","MW89-4613",2,1,"LDH","Tributyltin Chloride",1e-04,0.671666666666667,"20220209_NFA_Impedance_Calculations.xlsx",1,""
"20220209","MW89-4613",2,2,"AB","Tributyltin Chloride",0,13802.6666666667,"20220209_NFA_Impedance_Calculations.xlsx",1,""
"20220209","MW89-4613",2,2,"LDH","Tributyltin Chloride",0,1.66806666666667,"20220209_NFA_Impedance_Calculations.xlsx",1,""
"20220209","MW89-4613",2,3,"AB","Tributyltin Chloride",3e-04,15980.6666666667,"20220209_NFA_Impedance_Calculations.xlsx",1,""
"20220209","MW89-4613",2,3,"LDH","Tributyltin Chloride",3e-04,0.738966666666667,"20220209_NFA_Impedance_Calculations.xlsx",1,""
"20220209","MW89-4613",2,4,"AB","Tributyltin Chloride",0.001,15613.6666666667,"20220209_NFA_Impedance_Calculations.xlsx",1,""
"20220209","MW89-4613",2,4,"LDH","Tributyltin Chloride",0.001,0.786766666666667,"20220209_NFA_Impedance_Calculations.xlsx",1,""
"20220209","MW89-4613",2,5,"AB","Tributyltin Chloride",0.003,16771.6666666667,"20220209_NFA_Impedance_Calculations.xlsx",1,""
"20220209","MW89-4613",2,5,"LDH","Tributyltin Chloride",0.003,0.832566666666667,"20220209_NFA_Impedance_Calculations.xlsx",1,""
"20220209","MW89-4613",2,6,"AB","Tributyltin Chloride",0.01,20583.6666666667,"20220209_NFA_Impedance_Calculations.xlsx",1,""
"20220209","MW89-4613",2,6,"LDH","Tributyltin Chloride",0.01,0.777766666666667,"20220209_NFA_Impedance_Calculations.xlsx",1,""
"20220209","MW89-4613",2,7,"AB","Tributyltin Chloride",0.03,13291.6666666667,"20220209_NFA_Impedance_Calculations.xlsx",1,""
"20220209","MW89-4613",2,7,"LDH","Tributyltin Chloride",0.03,0.197766666666667,"20220209_NFA_Impedance_Calculations.xlsx",1,""
"20220209","MW89-4613",2,8,"AB","Tributyltin Chloride",0.1,326.666666666667,"20220209_NFA_Impedance_Calculations.xlsx",1,""
"20220209","MW89-4613",2,8,"LDH","Tributyltin Chloride",0.1,0.0537666666666667,"20220209_NFA_Impedance_Calculations.xlsx",1,""
"20220209","MW89-4613",3,1,"AB","Deltamethrin",0.03,13587.6666666667,"20220209_NFA_Impedance_Calculations.xlsx",1,""
"20220209","MW89-4613",3,1,"LDH","Deltamethrin",0.03,0.580266666666667,"20220209_NFA_Impedance_Calculations.xlsx",1,""
"20220209","MW89-4613",3,2,"AB","Deltamethrin",0,13495.6666666667,"20220209_NFA_Impedance_Calculations.xlsx",1,""
"20220209","MW89-4613",3,2,"LDH","Deltamethrin",0,0.617666666666667,"20220209_NFA_Impedance_Calculations.xlsx",1,""
"20220209","MW89-4613",3,3,"AB","Deltamethrin",0.1,16617.6666666667,"20220209_NFA_Impedance_Calculations.xlsx",1,""
"20220209","MW89-4613",3,3,"LDH","Deltamethrin",0.1,0.820666666666667,"20220209_NFA_Impedance_Calculations.xlsx",1,""
"20220209","MW89-4613",3,4,"AB","Deltamethrin",0.3,19425.6666666667,"20220209_NFA_Impedance_Calculations.xlsx",1,""
"20220209","MW89-4613",3,4,"LDH","Deltamethrin",0.3,0.835566666666667,"20220209_NFA_Impedance_Calculations.xlsx",1,""
"20220209","MW89-4613",3,5,"AB","Deltamethrin",1,21875.6666666667,"20220209_NFA_Impedance_Calculations.xlsx",1,""
"20220209","MW89-4613",3,5,"LDH","Deltamethrin",1,0.816066666666667,"20220209_NFA_Impedance_Calculations.xlsx",1,""
"20220209","MW89-4613",3,6,"AB","Deltamethrin",3,19993.6666666667,"20220209_NFA_Impedance_Calculations.xlsx",1,""
"20220209","MW89-4613",3,6,"LDH","Deltamethrin",3,0.905466666666667,"20220209_NFA_Impedance_Calculations.xlsx",1,""
"20220209","MW89-4613",3,7,"AB","Deltamethrin",10,19481.6666666667,"20220209_NFA_Impedance_Calculations.xlsx",1,""
"20220209","MW89-4613",3,7,"LDH","Deltamethrin",10,0.688266666666667,"20220209_NFA_Impedance_Calculations.xlsx",1,""
"20220209","MW89-4613",3,8,"AB","Deltamethrin",30,7743.66666666667,"20220209_NFA_Impedance_Calculations.xlsx",1,""
"20220209","MW89-4613",3,8,"LDH","Deltamethrin",30,0.0734666666666667,"20220209_NFA_Impedance_Calculations.xlsx",1,""
"20220209","MW89-4613",4,1,"AB","Glyphosate",0.03,15951.6666666667,"20220209_NFA_Impedance_Calculations.xlsx",1,""
"20220209","MW89-4613",4,1,"LDH","Glyphosate",0.03,0.662666666666667,"20220209_NFA_Impedance_Calculations.xlsx",1,""
"20220209","MW89-4613",4,2,"AB","Glyphosate",0,19341.6666666667,"20220209_NFA_Impedance_Calculations.xlsx",1,""
"20220209","MW89-4613",4,2,"LDH","Glyphosate",0,1.39556666666667,"20220209_NFA_Impedance_Calculations.xlsx",1,""
"20220209","MW89-4613",4,3,"AB","Glyphosate",0.1,20121.6666666667,"20220209_NFA_Impedance_Calculations.xlsx",1,""
"20220209","MW89-4613",4,3,"LDH","Glyphosate",0.1,0.793866666666667,"20220209_NFA_Impedance_Calculations.xlsx",1,""
"20220209","MW89-4613",4,4,"AB","Glyphosate",0.3,18486.6666666667,"20220209_NFA_Impedance_Calculations.xlsx",1,""
"20220209","MW89-4613",4,4,"LDH","Glyphosate",0.3,0.694866666666667,"20220209_NFA_Impedance_Calculations.xlsx",1,""
"20220209","MW89-4613",4,5,"AB","Glyphosate",1,20270.6666666667,"20220209_NFA_Impedance_Calculations.xlsx",1,""
"20220209","MW89-4613",4,5,"LDH","Glyphosate",1,0.778166666666667,"20220209_NFA_Impedance_Calculations.xlsx",1,""
"20220209","MW89-4613",4,6,"AB","Glyphosate",3,21537.6666666667,"20220209_NFA_Impedance_Calculations.xlsx",1,""
"20220209","MW89-4613",4,6,"LDH","Glyphosate",3,1.96546666666667,"20220209_NFA_Impedance_Calculations.xlsx",1,""
"20220209","MW89-4613",4,7,"AB","Glyphosate",10,21073.6666666667,"20220209_NFA_Impedance_Calculations.xlsx",1,""
"20220209","MW89-4613",4,7,"LDH","Glyphosate",10,0.899166666666667,"20220209_NFA_Impedance_Calculations.xlsx",1,""
"20220209","MW89-4613",4,8,"AB","Glyphosate",30,18503.6666666667,"20220209_NFA_Impedance_Calculations.xlsx",1,""
"20220209","MW89-4613",4,8,"LDH","Glyphosate",30,1.72996666666667,"20220209_NFA_Impedance_Calculations.xlsx",1,""
"20220209","MW89-4613",5,1,"AB","Lindane",0.03,20167.6666666667,"20220209_NFA_Impedance_Calculations.xlsx",1,""
"20220209","MW89-4613",5,1,"LDH","Lindane",0.03,0.627966666666667,"20220209_NFA_Impedance_Calculations.xlsx",1,""
"20220209","MW89-4613",5,2,"AB","Lindane",0,25295.6666666667,"20220209_NFA_Impedance_Calculations.xlsx",1,""
"20220209","MW89-4613",5,2,"LDH","Lindane",0,0.672966666666667,"20220209_NFA_Impedance_Calculations.xlsx",1,""
"20220209","MW89-4613",5,3,"AB","Lindane",0.1,24122.6666666667,"20220209_NFA_Impedance_Calculations.xlsx",1,""
"20220209","MW89-4613",5,3,"LDH","Lindane",0.1,0.691766666666667,"20220209_NFA_Impedance_Calculations.xlsx",1,""
"20220209","MW89-4613",5,4,"AB","Lindane",0.3,24445.6666666667,"20220209_NFA_Impedance_Calculations.xlsx",1,""
"20220209","MW89-4613",5,4,"LDH","Lindane",0.3,0.927666666666667,"20220209_NFA_Impedance_Calculations.xlsx",1,""
"20220209","MW89-4613",5,5,"AB","Lindane",1,24554.6666666667,"20220209_NFA_Impedance_Calculations.xlsx",1,""
"20220209","MW89-4613",5,5,"LDH","Lindane",1,1.04836666666667,"20220209_NFA_Impedance_Calculations.xlsx",1,""
"20220209","MW89-4613",5,6,"AB","Lindane",3,24111.6666666667,"20220209_NFA_Impedance_Calculations.xlsx",1,""
"20220209","MW89-4613",5,6,"LDH","Lindane",3,0.709666666666667,"20220209_NFA_Impedance_Calculations.xlsx",1,""
"20220209","MW89-4613",5,7,"AB","Lindane",10,22236.6666666667,"20220209_NFA_Impedance_Calculations.xlsx",1,""
"20220209","MW89-4613",5,7,"LDH","Lindane",10,0.663266666666667,"20220209_NFA_Impedance_Calculations.xlsx",1,""
"20220209","MW89-4613",5,8,"AB","Lindane",30,19249.6666666667,"20220209_NFA_Impedance_Calculations.xlsx",1,""
"20220209","MW89-4613",5,8,"LDH","Lindane",30,0.528366666666667,"20220209_NFA_Impedance_Calculations.xlsx",1,""
"20220209","MW89-4613",6,1,"AB","Rotenone",3e-05,18546.6666666667,"20220209_NFA_Impedance_Calculations.xlsx",1,""
"20220209","MW89-4613",6,1,"LDH","Rotenone",3e-05,0.629266666666667,"20220209_NFA_Impedance_Calculations.xlsx",1,""
"20220209","MW89-4613",6,2,"AB","Rotenone",0,20033.6666666667,"20220209_NFA_Impedance_Calculations.xlsx",1,""
"20220209","MW89-4613",6,2,"LDH","Rotenone",0,0.676366666666667,"20220209_NFA_Impedance_Calculations.xlsx",1,""
"20220209","MW89-4613",6,3,"AB","Rotenone",1e-04,22869.6666666667,"20220209_NFA_Impedance_Calculations.xlsx",1,""
"20220209","MW89-4613",6,3,"LDH","Rotenone",1e-04,0.652366666666667,"20220209_NFA_Impedance_Calculations.xlsx",1,""
"20220209","MW89-4613",6,4,"AB","Rotenone",3e-04,18580.6666666667,"20220209_NFA_Impedance_Calculations.xlsx",1,""
"20220209","MW89-4613",6,4,"LDH","Rotenone",3e-04,0.755466666666667,"20220209_NFA_Impedance_Calculations.xlsx",1,""
"20220209","MW89-4613",6,5,"AB","Rotenone",0.001,25138.6666666667,"20220209_NFA_Impedance_Calculations.xlsx",1,""
"20220209","MW89-4613",6,5,"LDH","Rotenone",0.001,1.07686666666667,"20220209_NFA_Impedance_Calculations.xlsx",1,""
"20220209","MW89-4613",6,6,"AB","Rotenone",0.003,29467.6666666667,"20220209_NFA_Impedance_Calculations.xlsx",1,""
"20220209","MW89-4613",6,6,"LDH","Rotenone",0.003,0.670366666666667,"20220209_NFA_Impedance_Calculations.xlsx",1,""
"20220209","MW89-4613",6,7,"AB","Rotenone",0.01,31428.6666666667,"20220209_NFA_Impedance_Calculations.xlsx",1,""
"20220209","MW89-4613",6,7,"LDH","Rotenone",0.01,0.727566666666667,"20220209_NFA_Impedance_Calculations.xlsx",1,""
"20220209","MW89-4613",6,8,"AB","Rotenone",0.03,22863.6666666667,"20220209_NFA_Impedance_Calculations.xlsx",1,""
"20220209","MW89-4613",6,8,"LDH","Rotenone",0.03,0.216966666666667,"20220209_NFA_Impedance_Calculations.xlsx",1,""
"20220209","MW89-4615",1,1,"AB","Deltamethrin",0.03,9966.33333333333,"20220209_NFA_Impedance_Calculations.xlsx",1,""
"20220209","MW89-4615",1,1,"LDH","Deltamethrin",0.03,1.7987,"20220209_NFA_Impedance_Calculations.xlsx",1,""
"20220209","MW89-4615",1,2,"AB","Deltamethrin",0,15622.3333333333,"20220209_NFA_Impedance_Calculations.xlsx",1,""
"20220209","MW89-4615",1,2,"LDH","Deltamethrin",0,0.4799,"20220209_NFA_Impedance_Calculations.xlsx",1,""
"20220209","MW89-4615",1,3,"AB","Deltamethrin",0.1,15101.3333333333,"20220209_NFA_Impedance_Calculations.xlsx",1,""
"20220209","MW89-4615",1,3,"LDH","Deltamethrin",0.1,0.4551,"20220209_NFA_Impedance_Calculations.xlsx",1,""
"20220209","MW89-4615",1,4,"AB","Deltamethrin",0.3,14157.3333333333,"20220209_NFA_Impedance_Calculations.xlsx",1,""
"20220209","MW89-4615",1,4,"LDH","Deltamethrin",0.3,0.3723,"20220209_NFA_Impedance_Calculations.xlsx",1,""
"20220209","MW89-4615",1,5,"AB","Deltamethrin",1,14684.3333333333,"20220209_NFA_Impedance_Calculations.xlsx",1,""
"20220209","MW89-4615",1,5,"LDH","Deltamethrin",1,0.5737,"20220209_NFA_Impedance_Calculations.xlsx",1,""
"20220209","MW89-4615",1,6,"AB","Deltamethrin",3,14411.3333333333,"20220209_NFA_Impedance_Calculations.xlsx",1,""
"20220209","MW89-4615",1,6,"LDH","Deltamethrin",3,0.5721,"20220209_NFA_Impedance_Calculations.xlsx",1,""
"20220209","MW89-4615",1,7,"AB","Deltamethrin",10,15697.3333333333,"20220209_NFA_Impedance_Calculations.xlsx",1,""
"20220209","MW89-4615",1,7,"LDH","Deltamethrin",10,0.7189,"20220209_NFA_Impedance_Calculations.xlsx",1,""
"20220209","MW89-4615",1,8,"AB","Deltamethrin",30,5505.33333333333,"20220209_NFA_Impedance_Calculations.xlsx",1,""
"20220209","MW89-4615",1,8,"LDH","Deltamethrin",30,0.0517,"20220209_NFA_Impedance_Calculations.xlsx",1,""
"20220209","MW89-4615",2,1,"AB","Thiamethoxam",0.03,13844.3333333333,"20220209_NFA_Impedance_Calculations.xlsx",1,""
"20220209","MW89-4615",2,1,"LDH","Thiamethoxam",0.03,0.5484,"20220209_NFA_Impedance_Calculations.xlsx",1,""
"20220209","MW89-4615",2,2,"AB","Thiamethoxam",0,16342.3333333333,"20220209_NFA_Impedance_Calculations.xlsx",1,""
"20220209","MW89-4615",2,2,"LDH","Thiamethoxam",0,0.4815,"20220209_NFA_Impedance_Calculations.xlsx",1,""
"20220209","MW89-4615",2,3,"AB","Thiamethoxam",0.1,17700.3333333333,"20220209_NFA_Impedance_Calculations.xlsx",1,""
"20220209","MW89-4615",2,3,"LDH","Thiamethoxam",0.1,0.654,"20220209_NFA_Impedance_Calculations.xlsx",1,""
"20220209","MW89-4615",2,4,"AB","Thiamethoxam",0.3,16702.3333333333,"20220209_NFA_Impedance_Calculations.xlsx",1,""
"20220209","MW89-4615",2,4,"LDH","Thiamethoxam",0.3,0.5218,"20220209_NFA_Impedance_Calculations.xlsx",1,""
"20220209","MW89-4615",2,5,"AB","Thiamethoxam",1,18879.3333333333,"20220209_NFA_Impedance_Calculations.xlsx",1,""
"20220209","MW89-4615",2,5,"LDH","Thiamethoxam",1,0.786,"20220209_NFA_Impedance_Calculations.xlsx",1,""
"20220209","MW89-4615",2,6,"AB","Thiamethoxam",3,18937.3333333333,"20220209_NFA_Impedance_Calculations.xlsx",1,""
"20220209","MW89-4615",2,6,"LDH","Thiamethoxam",3,0.7729,"20220209_NFA_Impedance_Calculations.xlsx",1,""
"20220209","MW89-4615",2,7,"AB","Thiamethoxam",10,17980.3333333333,"20220209_NFA_Impedance_Calculations.xlsx",1,""
"20220209","MW89-4615",2,7,"LDH","Thiamethoxam",10,0.774,"20220209_NFA_Impedance_Calculations.xlsx",1,""
"20220209","MW89-4615",2,8,"AB","Thiamethoxam",30,18135.3333333333,"20220209_NFA_Impedance_Calculations.xlsx",1,""
"20220209","MW89-4615",2,8,"LDH","Thiamethoxam",30,0.8088,"20220209_NFA_Impedance_Calculations.xlsx",1,""
"20220209","MW89-4615",3,1,"AB","Tributyltin Chloride",1e-04,14299.3333333333,"20220209_NFA_Impedance_Calculations.xlsx",1,""
"20220209","MW89-4615",3,1,"LDH","Tributyltin Chloride",1e-04,0.4857,"20220209_NFA_Impedance_Calculations.xlsx",1,""
"20220209","MW89-4615",3,2,"AB","Tributyltin Chloride",0,17783.3333333333,"20220209_NFA_Impedance_Calculations.xlsx",1,""
"20220209","MW89-4615",3,2,"LDH","Tributyltin Chloride",0,0.5713,"20220209_NFA_Impedance_Calculations.xlsx",1,""
"20220209","MW89-4615",3,3,"AB","Tributyltin Chloride",3e-04,17451.3333333333,"20220209_NFA_Impedance_Calculations.xlsx",1,""
"20220209","MW89-4615",3,3,"LDH","Tributyltin Chloride",3e-04,0.7546,"20220209_NFA_Impedance_Calculations.xlsx",1,""
"20220209","MW89-4615",3,4,"AB","Tributyltin Chloride",0.001,17946.3333333333,"20220209_NFA_Impedance_Calculations.xlsx",1,""
"20220209","MW89-4615",3,4,"LDH","Tributyltin Chloride",0.001,0.7286,"20220209_NFA_Impedance_Calculations.xlsx",1,""
"20220209","MW89-4615",3,5,"AB","Tributyltin Chloride",0.003,18879.3333333333,"20220209_NFA_Impedance_Calculations.xlsx",1,""
"20220209","MW89-4615",3,5,"LDH","Tributyltin Chloride",0.003,0.8602,"20220209_NFA_Impedance_Calculations.xlsx",1,""
"20220209","MW89-4615",3,6,"AB","Tributyltin Chloride",0.01,17379.3333333333,"20220209_NFA_Impedance_Calculations.xlsx",1,""
"20220209","MW89-4615",3,6,"LDH","Tributyltin Chloride",0.01,0.7324,"20220209_NFA_Impedance_Calculations.xlsx",1,""
"20220209","MW89-4615",3,7,"AB","Tributyltin Chloride",0.03,14314.3333333333,"20220209_NFA_Impedance_Calculations.xlsx",1,""
"20220209","MW89-4615",3,7,"LDH","Tributyltin Chloride",0.03,0.3368,"20220209_NFA_Impedance_Calculations.xlsx",1,""
"20220209","MW89-4615",3,8,"AB","Tributyltin Chloride",0.1,507.333333333333,"20220209_NFA_Impedance_Calculations.xlsx",1,""
"20220209","MW89-4615",3,8,"LDH","Tributyltin Chloride",0.1,0.00290000000000001,"20220209_NFA_Impedance_Calculations.xlsx",1,""
"20220209","MW89-4615",4,1,"AB","Rotenone",3e-05,13650.3333333333,"20220209_NFA_Impedance_Calculations.xlsx",1,""
"20220209","MW89-4615",4,1,"LDH","Rotenone",3e-05,0.46,"20220209_NFA_Impedance_Calculations.xlsx",1,""
"20220209","MW89-4615",4,2,"AB","Rotenone",0,18329.3333333333,"20220209_NFA_Impedance_Calculations.xlsx",1,""
"20220209","MW89-4615",4,2,"LDH","Rotenone",0,0.6377,"20220209_NFA_Impedance_Calculations.xlsx",1,""
"20220209","MW89-4615",4,3,"AB","Rotenone",1e-04,18303.3333333333,"20220209_NFA_Impedance_Calculations.xlsx",1,""
"20220209","MW89-4615",4,3,"LDH","Rotenone",1e-04,0.749,"20220209_NFA_Impedance_Calculations.xlsx",1,""
"20220209","MW89-4615",4,4,"AB","Rotenone",3e-04,18221.3333333333,"20220209_NFA_Impedance_Calculations.xlsx",1,""
"20220209","MW89-4615",4,4,"LDH","Rotenone",3e-04,0.8031,"20220209_NFA_Impedance_Calculations.xlsx",1,""
"20220209","MW89-4615",4,5,"AB","Rotenone",0.001,19602.3333333333,"20220209_NFA_Impedance_Calculations.xlsx",1,""
"20220209","MW89-4615",4,5,"LDH","Rotenone",0.001,0.7494,"20220209_NFA_Impedance_Calculations.xlsx",1,""
"20220209","MW89-4615",4,6,"AB","Rotenone",0.003,17307.3333333333,"20220209_NFA_Impedance_Calculations.xlsx",1,""
"20220209","MW89-4615",4,6,"LDH","Rotenone",0.003,2.0439,"20220209_NFA_Impedance_Calculations.xlsx",1,""
"20220209","MW89-4615",4,7,"AB","Rotenone",0.01,21179.3333333333,"20220209_NFA_Impedance_Calculations.xlsx",1,""
"20220209","MW89-4615",4,7,"LDH","Rotenone",0.01,0.802,"20220209_NFA_Impedance_Calculations.xlsx",1,""
"20220209","MW89-4615",4,8,"AB","Rotenone",0.03,18663.3333333333,"20220209_NFA_Impedance_Calculations.xlsx",1,""
"20220209","MW89-4615",4,8,"LDH","Rotenone",0.03,0.3266,"20220209_NFA_Impedance_Calculations.xlsx",1,""
"20220209","MW89-4615",5,1,"AB","Glyphosate",0.03,16963.3333333333,"20220209_NFA_Impedance_Calculations.xlsx",1,""
"20220209","MW89-4615",5,1,"LDH","Glyphosate",0.03,0.4928,"20220209_NFA_Impedance_Calculations.xlsx",1,""
"20220209","MW89-4615",5,2,"AB","Glyphosate",0,17095.3333333333,"20220209_NFA_Impedance_Calculations.xlsx",1,""
"20220209","MW89-4615",5,2,"LDH","Glyphosate",0,0.6888,"20220209_NFA_Impedance_Calculations.xlsx",1,""
"20220209","MW89-4615",5,3,"AB","Glyphosate",0.1,18974.3333333333,"20220209_NFA_Impedance_Calculations.xlsx",1,""
"20220209","MW89-4615",5,3,"LDH","Glyphosate",0.1,0.7649,"20220209_NFA_Impedance_Calculations.xlsx",1,""
"20220209","MW89-4615",5,4,"AB","Glyphosate",0.3,19079.3333333333,"20220209_NFA_Impedance_Calculations.xlsx",1,""
"20220209","MW89-4615",5,4,"LDH","Glyphosate",0.3,0.7594,"20220209_NFA_Impedance_Calculations.xlsx",1,""
"20220209","MW89-4615",5,5,"AB","Glyphosate",1,19718.3333333333,"20220209_NFA_Impedance_Calculations.xlsx",1,""
"20220209","MW89-4615",5,5,"LDH","Glyphosate",1,0.6557,"20220209_NFA_Impedance_Calculations.xlsx",1,""
"20220209","MW89-4615",5,6,"AB","Glyphosate",3,20459.3333333333,"20220209_NFA_Impedance_Calculations.xlsx",1,""
"20220209","MW89-4615",5,6,"LDH","Glyphosate",3,0.8068,"20220209_NFA_Impedance_Calculations.xlsx",1,""
"20220209","MW89-4615",5,7,"AB","Glyphosate",10,29355.3333333333,"20220209_NFA_Impedance_Calculations.xlsx",1,""
"20220209","MW89-4615",5,7,"LDH","Glyphosate",10,0.7817,"20220209_NFA_Impedance_Calculations.xlsx",1,""
"20220209","MW89-4615",5,8,"AB","Glyphosate",30,20623.3333333333,"20220209_NFA_Impedance_Calculations.xlsx",1,""
"20220209","MW89-4615",5,8,"LDH","Glyphosate",30,0.6331,"20220209_NFA_Impedance_Calculations.xlsx",1,""
"20220209","MW89-4615",6,1,"AB","Lindane",0.03,12289.3333333333,"20220209_NFA_Impedance_Calculations.xlsx",1,""
"20220209","MW89-4615",6,1,"LDH","Lindane",0.03,0.3729,"20220209_NFA_Impedance_Calculations.xlsx",1,""
"20220209","MW89-4615",6,2,"AB","Lindane",0,13907.3333333333,"20220209_NFA_Impedance_Calculations.xlsx",1,""
"20220209","MW89-4615",6,2,"LDH","Lindane",0,0.5195,"20220209_NFA_Impedance_Calculations.xlsx",1,""
"20220209","MW89-4615",6,3,"AB","Lindane",0.1,14675.3333333333,"20220209_NFA_Impedance_Calculations.xlsx",1,""
"20220209","MW89-4615",6,3,"LDH","Lindane",0.1,0.3393,"20220209_NFA_Impedance_Calculations.xlsx",1,""
"20220209","MW89-4615",6,4,"AB","Lindane",0.3,17443.3333333333,"20220209_NFA_Impedance_Calculations.xlsx",1,""
"20220209","MW89-4615",6,4,"LDH","Lindane",0.3,0.5762,"20220209_NFA_Impedance_Calculations.xlsx",1,""
"20220209","MW89-4615",6,5,"AB","Lindane",1,22894.3333333333,"20220209_NFA_Impedance_Calculations.xlsx",1,""
"20220209","MW89-4615",6,5,"LDH","Lindane",1,0.7548,"20220209_NFA_Impedance_Calculations.xlsx",1,""
"20220209","MW89-4615",6,6,"AB","Lindane",3,20237.3333333333,"20220209_NFA_Impedance_Calculations.xlsx",1,""
"20220209","MW89-4615",6,6,"LDH","Lindane",3,0.739,"20220209_NFA_Impedance_Calculations.xlsx",1,""
"20220209","MW89-4615",6,7,"AB","Lindane",10,18556.3333333333,"20220209_NFA_Impedance_Calculations.xlsx",1,""
"20220209","MW89-4615",6,7,"LDH","Lindane",10,0.6503,"20220209_NFA_Impedance_Calculations.xlsx",1,""
"20220209","MW89-4615",6,8,"AB","Lindane",30,21735.3333333333,"20220209_NFA_Impedance_Calculations.xlsx",1,""
"20220209","MW89-4615",6,8,"LDH","Lindane",30,0.5994,"20220209_NFA_Impedance_Calculations.xlsx",1,""
"20220209","MW89-4616",1,1,"AB","Tributyltin Chloride",1e-04,8475,"20220209_NFA_Impedance_Calculations.xlsx",1,""
"20220209","MW89-4616",1,1,"LDH","Tributyltin Chloride",1e-04,0.403766666666667,"20220209_NFA_Impedance_Calculations.xlsx",1,""
"20220209","MW89-4616",1,2,"AB","Tributyltin Chloride",0,12501,"20220209_NFA_Impedance_Calculations.xlsx",1,""
"20220209","MW89-4616",1,2,"LDH","Tributyltin Chloride",0,0.479966666666667,"20220209_NFA_Impedance_Calculations.xlsx",1,""
"20220209","MW89-4616",1,3,"AB","Tributyltin Chloride",3e-04,15137,"20220209_NFA_Impedance_Calculations.xlsx",1,""
"20220209","MW89-4616",1,3,"LDH","Tributyltin Chloride",3e-04,0.476566666666667,"20220209_NFA_Impedance_Calculations.xlsx",1,""
"20220209","MW89-4616",1,4,"AB","Tributyltin Chloride",0.001,15129,"20220209_NFA_Impedance_Calculations.xlsx",1,""
"20220209","MW89-4616",1,4,"LDH","Tributyltin Chloride",0.001,0.604366666666667,"20220209_NFA_Impedance_Calculations.xlsx",1,""
"20220209","MW89-4616",1,5,"AB","Tributyltin Chloride",0.003,13620,"20220209_NFA_Impedance_Calculations.xlsx",1,""
"20220209","MW89-4616",1,5,"LDH","Tributyltin Chloride",0.003,0.837966666666667,"20220209_NFA_Impedance_Calculations.xlsx",1,""
"20220209","MW89-4616",1,6,"AB","Tributyltin Chloride",0.01,15740,"20220209_NFA_Impedance_Calculations.xlsx",1,""
"20220209","MW89-4616",1,6,"LDH","Tributyltin Chloride",0.01,0.760066666666667,"20220209_NFA_Impedance_Calculations.xlsx",1,""
"20220209","MW89-4616",1,7,"AB","Tributyltin Chloride",0.03,13164,"20220209_NFA_Impedance_Calculations.xlsx",1,""
"20220209","MW89-4616",1,7,"LDH","Tributyltin Chloride",0.03,0.550466666666667,"20220209_NFA_Impedance_Calculations.xlsx",1,""
"20220209","MW89-4616",1,8,"AB","Tributyltin Chloride",0.1,598,"20220209_NFA_Impedance_Calculations.xlsx",1,""
"20220209","MW89-4616",1,8,"LDH","Tributyltin Chloride",0.1,0,"20220209_NFA_Impedance_Calculations.xlsx",1,""
"20220209","MW89-4616",2,1,"AB","Deltamethrin",0.03,9866,"20220209_NFA_Impedance_Calculations.xlsx",1,""
"20220209","MW89-4616",2,1,"LDH","Deltamethrin",0.03,1.34786666666667,"20220209_NFA_Impedance_Calculations.xlsx",1,""
"20220209","MW89-4616",2,2,"AB","Deltamethrin",0,17972,"20220209_NFA_Impedance_Calculations.xlsx",1,""
"20220209","MW89-4616",2,2,"LDH","Deltamethrin",0,0.766266666666667,"20220209_NFA_Impedance_Calculations.xlsx",1,""
"20220209","MW89-4616",2,3,"AB","Deltamethrin",0.1,18241,"20220209_NFA_Impedance_Calculations.xlsx",1,""
"20220209","MW89-4616",2,3,"LDH","Deltamethrin",0.1,0.818066666666667,"20220209_NFA_Impedance_Calculations.xlsx",1,""
"20220209","MW89-4616",2,4,"AB","Deltamethrin",0.3,18571,"20220209_NFA_Impedance_Calculations.xlsx",1,""
"20220209","MW89-4616",2,4,"LDH","Deltamethrin",0.3,0.796466666666667,"20220209_NFA_Impedance_Calculations.xlsx",1,""
"20220209","MW89-4616",2,5,"AB","Deltamethrin",1,19655,"20220209_NFA_Impedance_Calculations.xlsx",1,""
"20220209","MW89-4616",2,5,"LDH","Deltamethrin",1,0.794366666666667,"20220209_NFA_Impedance_Calculations.xlsx",1,""
"20220209","MW89-4616",2,6,"AB","Deltamethrin",3,20820,"20220209_NFA_Impedance_Calculations.xlsx",1,""
"20220209","MW89-4616",2,6,"LDH","Deltamethrin",3,0.919666666666667,"20220209_NFA_Impedance_Calculations.xlsx",1,""
"20220209","MW89-4616",2,7,"AB","Deltamethrin",10,18412,"20220209_NFA_Impedance_Calculations.xlsx",1,""
"20220209","MW89-4616",2,7,"LDH","Deltamethrin",10,0.838666666666667,"20220209_NFA_Impedance_Calculations.xlsx",1,""
"20220209","MW89-4616",2,8,"AB","Deltamethrin",30,5479,"20220209_NFA_Impedance_Calculations.xlsx",1,""
"20220209","MW89-4616",2,8,"LDH","Deltamethrin",30,0.0849666666666666,"20220209_NFA_Impedance_Calculations.xlsx",1,""
"20220209","MW89-4616",3,1,"AB","Thiamethoxam",0.03,7195,"20220209_NFA_Impedance_Calculations.xlsx",1,""
"20220209","MW89-4616",3,1,"LDH","Thiamethoxam",0.03,1.60706666666667,"20220209_NFA_Impedance_Calculations.xlsx",1,""
"20220209","MW89-4616",3,2,"AB","Thiamethoxam",0,15417,"20220209_NFA_Impedance_Calculations.xlsx",1,""
"20220209","MW89-4616",3,2,"LDH","Thiamethoxam",0,0.832766666666667,"20220209_NFA_Impedance_Calculations.xlsx",1,""
"20220209","MW89-4616",3,3,"AB","Thiamethoxam",0.1,18055,"20220209_NFA_Impedance_Calculations.xlsx",1,""
"20220209","MW89-4616",3,3,"LDH","Thiamethoxam",0.1,1.42266666666667,"20220209_NFA_Impedance_Calculations.xlsx",1,""
"20220209","MW89-4616",3,4,"AB","Thiamethoxam",0.3,17118,"20220209_NFA_Impedance_Calculations.xlsx",1,""
"20220209","MW89-4616",3,4,"LDH","Thiamethoxam",0.3,0.855766666666667,"20220209_NFA_Impedance_Calculations.xlsx",1,""
"20220209","MW89-4616",3,5,"AB","Thiamethoxam",1,19139,"20220209_NFA_Impedance_Calculations.xlsx",1,""
"20220209","MW89-4616",3,5,"LDH","Thiamethoxam",1,0.966266666666667,"20220209_NFA_Impedance_Calculations.xlsx",1,""
"20220209","MW89-4616",3,6,"AB","Thiamethoxam",3,18209,"20220209_NFA_Impedance_Calculations.xlsx",1,""
"20220209","MW89-4616",3,6,"LDH","Thiamethoxam",3,0.810966666666667,"20220209_NFA_Impedance_Calculations.xlsx",1,""
"20220209","MW89-4616",3,7,"AB","Thiamethoxam",10,20063,"20220209_NFA_Impedance_Calculations.xlsx",1,""
"20220209","MW89-4616",3,7,"LDH","Thiamethoxam",10,0.912066666666667,"20220209_NFA_Impedance_Calculations.xlsx",1,""
"20220209","MW89-4616",3,8,"AB","Thiamethoxam",30,17006,"20220209_NFA_Impedance_Calculations.xlsx",1,""
"20220209","MW89-4616",3,8,"LDH","Thiamethoxam",30,0.754866666666667,"20220209_NFA_Impedance_Calculations.xlsx",1,""
"20220209","MW89-4616",4,1,"AB","Lindane",0.03,15148,"20220209_NFA_Impedance_Calculations.xlsx",1,""
"20220209","MW89-4616",4,1,"LDH","Lindane",0.03,1.04746666666667,"20220209_NFA_Impedance_Calculations.xlsx",1,""
"20220209","MW89-4616",4,2,"AB","Lindane",0,19867,"20220209_NFA_Impedance_Calculations.xlsx",1,""
"20220209","MW89-4616",4,2,"LDH","Lindane",0,0.918766666666667,"20220209_NFA_Impedance_Calculations.xlsx",1,""
"20220209","MW89-4616",4,3,"AB","Lindane",0.1,17739,"20220209_NFA_Impedance_Calculations.xlsx",1,""
"20220209","MW89-4616",4,3,"LDH","Lindane",0.1,0.866066666666667,"20220209_NFA_Impedance_Calculations.xlsx",1,""
"20220209","MW89-4616",4,4,"AB","Lindane",0.3,18538,"20220209_NFA_Impedance_Calculations.xlsx",1,""
"20220209","MW89-4616",4,4,"LDH","Lindane",0.3,0.854866666666667,"20220209_NFA_Impedance_Calculations.xlsx",1,""
"20220209","MW89-4616",4,5,"AB","Lindane",1,19525,"20220209_NFA_Impedance_Calculations.xlsx",1,""
"20220209","MW89-4616",4,5,"LDH","Lindane",1,1.49086666666667,"20220209_NFA_Impedance_Calculations.xlsx",1,""
"20220209","MW89-4616",4,6,"AB","Lindane",3,20351,"20220209_NFA_Impedance_Calculations.xlsx",1,""
"20220209","MW89-4616",4,6,"LDH","Lindane",3,0.820366666666667,"20220209_NFA_Impedance_Calculations.xlsx",1,""
"20220209","MW89-4616",4,7,"AB","Lindane",10,21597,"20220209_NFA_Impedance_Calculations.xlsx",1,""
"20220209","MW89-4616",4,7,"LDH","Lindane",10,0.890266666666667,"20220209_NFA_Impedance_Calculations.xlsx",1,""
"20220209","MW89-4616",4,8,"AB","Lindane",30,17097,"20220209_NFA_Impedance_Calculations.xlsx",1,""
"20220209","MW89-4616",4,8,"LDH","Lindane",30,0.563266666666667,"20220209_NFA_Impedance_Calculations.xlsx",1,""
"20220209","MW89-4616",5,1,"AB","Rotenone",3e-05,15149,"20220209_NFA_Impedance_Calculations.xlsx",1,""
"20220209","MW89-4616",5,1,"LDH","Rotenone",3e-05,0.771166666666667,"20220209_NFA_Impedance_Calculations.xlsx",1,""
"20220209","MW89-4616",5,2,"AB","Rotenone",0,18688,"20220209_NFA_Impedance_Calculations.xlsx",1,""
"20220209","MW89-4616",5,2,"LDH","Rotenone",0,0.974966666666667,"20220209_NFA_Impedance_Calculations.xlsx",1,""
"20220209","MW89-4616",5,3,"AB","Rotenone",1e-04,19342,"20220209_NFA_Impedance_Calculations.xlsx",1,""
"20220209","MW89-4616",5,3,"LDH","Rotenone",1e-04,0.811366666666667,"20220209_NFA_Impedance_Calculations.xlsx",1,""
"20220209","MW89-4616",5,4,"AB","Rotenone",3e-04,20639,"20220209_NFA_Impedance_Calculations.xlsx",1,""
"20220209","MW89-4616",5,4,"LDH","Rotenone",3e-04,0.867066666666667,"20220209_NFA_Impedance_Calculations.xlsx",1,""
"20220209","MW89-4616",5,5,"AB","Rotenone",0.001,18117,"20220209_NFA_Impedance_Calculations.xlsx",1,""
"20220209","MW89-4616",5,5,"LDH","Rotenone",0.001,0.858566666666667,"20220209_NFA_Impedance_Calculations.xlsx",1,""
"20220209","MW89-4616",5,6,"AB","Rotenone",0.003,17667,"20220209_NFA_Impedance_Calculations.xlsx",1,""
"20220209","MW89-4616",5,6,"LDH","Rotenone",0.003,0.809766666666667,"20220209_NFA_Impedance_Calculations.xlsx",1,""
"20220209","MW89-4616",5,7,"AB","Rotenone",0.01,17726,"20220209_NFA_Impedance_Calculations.xlsx",1,""
"20220209","MW89-4616",5,7,"LDH","Rotenone",0.01,0.888766666666667,"20220209_NFA_Impedance_Calculations.xlsx",1,""
"20220209","MW89-4616",5,8,"AB","Rotenone",0.03,14704,"20220209_NFA_Impedance_Calculations.xlsx",1,""
"20220209","MW89-4616",5,8,"LDH","Rotenone",0.03,0.614666666666667,"20220209_NFA_Impedance_Calculations.xlsx",1,""
"20220209","MW89-4616",6,1,"AB","Glyphosate",0.03,15121,"20220209_NFA_Impedance_Calculations.xlsx",1,""
"20220209","MW89-4616",6,1,"LDH","Glyphosate",0.03,0.709366666666667,"20220209_NFA_Impedance_Calculations.xlsx",1,""
"20220209","MW89-4616",6,2,"AB","Glyphosate",0,18477,"20220209_NFA_Impedance_Calculations.xlsx",1,""
"20220209","MW89-4616",6,2,"LDH","Glyphosate",0,0.695666666666667,"20220209_NFA_Impedance_Calculations.xlsx",1,""
"20220209","MW89-4616",6,3,"AB","Glyphosate",0.1,14018,"20220209_NFA_Impedance_Calculations.xlsx",1,""
"20220209","MW89-4616",6,3,"LDH","Glyphosate",0.1,0.638766666666667,"20220209_NFA_Impedance_Calculations.xlsx",1,""
"20220209","MW89-4616",6,4,"AB","Glyphosate",0.3,15438,"20220209_NFA_Impedance_Calculations.xlsx",1,""
"20220209","MW89-4616",6,4,"LDH","Glyphosate",0.3,0.704866666666667,"20220209_NFA_Impedance_Calculations.xlsx",1,""
"20220209","MW89-4616",6,5,"AB","Glyphosate",1,15095,"20220209_NFA_Impedance_Calculations.xlsx",1,""
"20220209","MW89-4616",6,5,"LDH","Glyphosate",1,0.737866666666667,"20220209_NFA_Impedance_Calculations.xlsx",1,""
"20220209","MW89-4616",6,6,"AB","Glyphosate",3,17072,"20220209_NFA_Impedance_Calculations.xlsx",1,""
"20220209","MW89-4616",6,6,"LDH","Glyphosate",3,0.711466666666667,"20220209_NFA_Impedance_Calculations.xlsx",1,""
"20220209","MW89-4616",6,7,"AB","Glyphosate",10,15302,"20220209_NFA_Impedance_Calculations.xlsx",1,""
"20220209","MW89-4616",6,7,"LDH","Glyphosate",10,0.661366666666667,"20220209_NFA_Impedance_Calculations.xlsx",1,""
"20220209","MW89-4616",6,8,"AB","Glyphosate",30,18558,"20220209_NFA_Impedance_Calculations.xlsx",1,""
"20220209","MW89-4616",6,8,"LDH","Glyphosate",30,0.750066666666667,"20220209_NFA_Impedance_Calculations.xlsx",1,""
