"date","Plate.SN","rowi","coli","src_acsn","treatment","conc","rval","srcf","wllq","wllq_notes"
"20210217","MW75-5809",1,1,"AB","3360 G10",0.03,22386.6666666667,"20210217_NFA_PFAS_Group_4_ Calculations.xlsx",0,"need C. Oxon only"
"20210217","MW75-5809",1,1,"LDH","3360 G10",0.03,0.631733333333333,"20210217_NFA_PFAS_Group_4_ Calculations.xlsx",0,"need C. Oxon only"
"20210217","MW75-5809",1,2,"AB","DMSO",0,22379.6666666667,"20210217_NFA_PFAS_Group_4_ Calculations.xlsx",1,""
"20210217","MW75-5809",1,2,"LDH","DMSO",0,0.621733333333333,"20210217_NFA_PFAS_Group_4_ Calculations.xlsx",1,""
"20210217","MW75-5809",1,3,"AB","3360 G10",0.1,24702.6666666667,"20210217_NFA_PFAS_Group_4_ Calculations.xlsx",0,"need C. Oxon only"
"20210217","MW75-5809",1,3,"LDH","3360 G10",0.1,0.661733333333333,"20210217_NFA_PFAS_Group_4_ Calculations.xlsx",0,"need C. Oxon only"
"20210217","MW75-5809",1,4,"AB","3360 G10",0.3,24429.6666666667,"20210217_NFA_PFAS_Group_4_ Calculations.xlsx",0,"need C. Oxon only"
"20210217","MW75-5809",1,4,"LDH","3360 G10",0.3,0.783433333333333,"20210217_NFA_PFAS_Group_4_ Calculations.xlsx",0,"need C. Oxon only"
"20210217","MW75-5809",1,5,"AB","3360 G10",1,23896.6666666667,"20210217_NFA_PFAS_Group_4_ Calculations.xlsx",0,"need C. Oxon only"
"20210217","MW75-5809",1,5,"LDH","3360 G10",1,0.637133333333333,"20210217_NFA_PFAS_Group_4_ Calculations.xlsx",0,"need C. Oxon only"
"20210217","MW75-5809",1,6,"AB","3360 G10",3,25081.6666666667,"20210217_NFA_PFAS_Group_4_ Calculations.xlsx",0,"need C. Oxon only"
"20210217","MW75-5809",1,6,"LDH","3360 G10",3,0.684433333333333,"20210217_NFA_PFAS_Group_4_ Calculations.xlsx",0,"need C. Oxon only"
"20210217","MW75-5809",1,7,"AB","3360 G10",10,25809.6666666667,"20210217_NFA_PFAS_Group_4_ Calculations.xlsx",0,"need C. Oxon only"
"20210217","MW75-5809",1,7,"LDH","3360 G10",10,0.611633333333333,"20210217_NFA_PFAS_Group_4_ Calculations.xlsx",0,"need C. Oxon only"
"20210217","MW75-5809",1,8,"AB","3360 G10",30,16738.6666666667,"20210217_NFA_PFAS_Group_4_ Calculations.xlsx",0,"need C. Oxon only"
"20210217","MW75-5809",1,8,"LDH","3360 G10",30,0.206533333333333,"20210217_NFA_PFAS_Group_4_ Calculations.xlsx",0,"need C. Oxon only"
"20210217","MW75-5809",2,1,"AB","3360 H02",0.03,23373.6666666667,"20210217_NFA_PFAS_Group_4_ Calculations.xlsx",0,"need C. Oxon only"
"20210217","MW75-5809",2,1,"LDH","3360 H02",0.03,0.745233333333333,"20210217_NFA_PFAS_Group_4_ Calculations.xlsx",0,"need C. Oxon only"
"20210217","MW75-5809",2,2,"AB","DMSO",0,23480.6666666667,"20210217_NFA_PFAS_Group_4_ Calculations.xlsx",1,""
"20210217","MW75-5809",2,2,"LDH","DMSO",0,0.767533333333333,"20210217_NFA_PFAS_Group_4_ Calculations.xlsx",1,""
"20210217","MW75-5809",2,3,"AB","3360 H02",0.1,22626.6666666667,"20210217_NFA_PFAS_Group_4_ Calculations.xlsx",0,"need C. Oxon only"
"20210217","MW75-5809",2,3,"LDH","3360 H02",0.1,0.781333333333333,"20210217_NFA_PFAS_Group_4_ Calculations.xlsx",0,"need C. Oxon only"
"20210217","MW75-5809",2,4,"AB","3360 H02",0.3,22328.6666666667,"20210217_NFA_PFAS_Group_4_ Calculations.xlsx",0,"need C. Oxon only"
"20210217","MW75-5809",2,4,"LDH","3360 H02",0.3,0.772133333333333,"20210217_NFA_PFAS_Group_4_ Calculations.xlsx",0,"need C. Oxon only"
"20210217","MW75-5809",2,5,"AB","3360 H02",1,23085.6666666667,"20210217_NFA_PFAS_Group_4_ Calculations.xlsx",0,"need C. Oxon only"
"20210217","MW75-5809",2,5,"LDH","3360 H02",1,0.846933333333333,"20210217_NFA_PFAS_Group_4_ Calculations.xlsx",0,"need C. Oxon only"
"20210217","MW75-5809",2,6,"AB","3360 H02",3,22973.6666666667,"20210217_NFA_PFAS_Group_4_ Calculations.xlsx",0,"need C. Oxon only"
"20210217","MW75-5809",2,6,"LDH","3360 H02",3,0.707833333333333,"20210217_NFA_PFAS_Group_4_ Calculations.xlsx",0,"need C. Oxon only"
"20210217","MW75-5809",2,7,"AB","3360 H02",10,23777.6666666667,"20210217_NFA_PFAS_Group_4_ Calculations.xlsx",0,"need C. Oxon only"
"20210217","MW75-5809",2,7,"LDH","3360 H02",10,0.570833333333333,"20210217_NFA_PFAS_Group_4_ Calculations.xlsx",0,"need C. Oxon only"
"20210217","MW75-5809",2,8,"AB","3360 H02",30,1305.66666666667,"20210217_NFA_PFAS_Group_4_ Calculations.xlsx",0,"need C. Oxon only"
"20210217","MW75-5809",2,8,"LDH","3360 H02",30,0.0375333333333333,"20210217_NFA_PFAS_Group_4_ Calculations.xlsx",0,"need C. Oxon only"
"20210217","MW75-5809",3,1,"AB","3360 H07",0.03,23597.6666666667,"20210217_NFA_PFAS_Group_4_ Calculations.xlsx",0,"need C. Oxon only"
"20210217","MW75-5809",3,1,"LDH","3360 H07",0.03,0.650833333333333,"20210217_NFA_PFAS_Group_4_ Calculations.xlsx",0,"need C. Oxon only"
"20210217","MW75-5809",3,2,"AB","DMSO",0,22171.6666666667,"20210217_NFA_PFAS_Group_4_ Calculations.xlsx",1,""
"20210217","MW75-5809",3,2,"LDH","DMSO",0,0.670833333333333,"20210217_NFA_PFAS_Group_4_ Calculations.xlsx",1,""
"20210217","MW75-5809",3,3,"AB","3360 H07",0.1,22912.6666666667,"20210217_NFA_PFAS_Group_4_ Calculations.xlsx",0,"need C. Oxon only"
"20210217","MW75-5809",3,3,"LDH","3360 H07",0.1,0.792133333333333,"20210217_NFA_PFAS_Group_4_ Calculations.xlsx",0,"need C. Oxon only"
"20210217","MW75-5809",3,4,"AB","3360 H07",0.3,21372.6666666667,"20210217_NFA_PFAS_Group_4_ Calculations.xlsx",0,"need C. Oxon only"
"20210217","MW75-5809",3,4,"LDH","3360 H07",0.3,0.718633333333333,"20210217_NFA_PFAS_Group_4_ Calculations.xlsx",0,"need C. Oxon only"
"20210217","MW75-5809",3,5,"AB","3360 H07",1,22026.6666666667,"20210217_NFA_PFAS_Group_4_ Calculations.xlsx",0,"need C. Oxon only"
"20210217","MW75-5809",3,5,"LDH","3360 H07",1,0.723633333333333,"20210217_NFA_PFAS_Group_4_ Calculations.xlsx",0,"need C. Oxon only"
"20210217","MW75-5809",3,6,"AB","3360 H07",3,22870.6666666667,"20210217_NFA_PFAS_Group_4_ Calculations.xlsx",0,"need C. Oxon only"
"20210217","MW75-5809",3,6,"LDH","3360 H07",3,0.681933333333333,"20210217_NFA_PFAS_Group_4_ Calculations.xlsx",0,"need C. Oxon only"
"20210217","MW75-5809",3,7,"AB","3360 H07",10,13923.6666666667,"20210217_NFA_PFAS_Group_4_ Calculations.xlsx",0,"need C. Oxon only"
"20210217","MW75-5809",3,7,"LDH","3360 H07",10,0.368533333333333,"20210217_NFA_PFAS_Group_4_ Calculations.xlsx",0,"need C. Oxon only"
"20210217","MW75-5809",3,8,"AB","3360 H07",30,782.666666666667,"20210217_NFA_PFAS_Group_4_ Calculations.xlsx",0,"need C. Oxon only"
"20210217","MW75-5809",3,8,"LDH","3360 H07",30,0.0116333333333333,"20210217_NFA_PFAS_Group_4_ Calculations.xlsx",0,"need C. Oxon only"
"20210217","MW75-5809",4,1,"AB","3361 A03",0.03,21507.6666666667,"20210217_NFA_PFAS_Group_4_ Calculations.xlsx",0,"need C. Oxon only"
"20210217","MW75-5809",4,1,"LDH","3361 A03",0.03,0.689833333333333,"20210217_NFA_PFAS_Group_4_ Calculations.xlsx",0,"need C. Oxon only"
"20210217","MW75-5809",4,2,"AB","DMSO",0,22629.6666666667,"20210217_NFA_PFAS_Group_4_ Calculations.xlsx",1,""
"20210217","MW75-5809",4,2,"LDH","DMSO",0,0.641933333333333,"20210217_NFA_PFAS_Group_4_ Calculations.xlsx",1,""
"20210217","MW75-5809",4,3,"AB","3361 A03",0.1,22509.6666666667,"20210217_NFA_PFAS_Group_4_ Calculations.xlsx",0,"need C. Oxon only"
"20210217","MW75-5809",4,3,"LDH","3361 A03",0.1,0.727233333333333,"20210217_NFA_PFAS_Group_4_ Calculations.xlsx",0,"need C. Oxon only"
"20210217","MW75-5809",4,4,"AB","3361 A03",0.3,21066.6666666667,"20210217_NFA_PFAS_Group_4_ Calculations.xlsx",0,"need C. Oxon only"
"20210217","MW75-5809",4,4,"LDH","3361 A03",0.3,0.743933333333333,"20210217_NFA_PFAS_Group_4_ Calculations.xlsx",0,"need C. Oxon only"
"20210217","MW75-5809",4,5,"AB","3361 A03",1,20681.6666666667,"20210217_NFA_PFAS_Group_4_ Calculations.xlsx",0,"need C. Oxon only"
"20210217","MW75-5809",4,5,"LDH","3361 A03",1,0.686233333333333,"20210217_NFA_PFAS_Group_4_ Calculations.xlsx",0,"need C. Oxon only"
"20210217","MW75-5809",4,6,"AB","3361 A03",3,19710.6666666667,"20210217_NFA_PFAS_Group_4_ Calculations.xlsx",0,"need C. Oxon only"
"20210217","MW75-5809",4,6,"LDH","3361 A03",3,0.646633333333333,"20210217_NFA_PFAS_Group_4_ Calculations.xlsx",0,"need C. Oxon only"
"20210217","MW75-5809",4,7,"AB","3361 A03",10,18319.6666666667,"20210217_NFA_PFAS_Group_4_ Calculations.xlsx",0,"need C. Oxon only"
"20210217","MW75-5809",4,7,"LDH","3361 A03",10,0.497633333333333,"20210217_NFA_PFAS_Group_4_ Calculations.xlsx",0,"need C. Oxon only"
"20210217","MW75-5809",4,8,"AB","3361 A03",30,5229.66666666667,"20210217_NFA_PFAS_Group_4_ Calculations.xlsx",0,"need C. Oxon only"
"20210217","MW75-5809",4,8,"LDH","3361 A03",30,0.0321333333333333,"20210217_NFA_PFAS_Group_4_ Calculations.xlsx",0,"need C. Oxon only"
"20210217","MW75-5809",5,1,"AB","3361 D02",0.03,24628.6666666667,"20210217_NFA_PFAS_Group_4_ Calculations.xlsx",0,"need C. Oxon only"
"20210217","MW75-5809",5,1,"LDH","3361 D02",0.03,0.658033333333333,"20210217_NFA_PFAS_Group_4_ Calculations.xlsx",0,"need C. Oxon only"
"20210217","MW75-5809",5,2,"AB","DMSO",0,23138.6666666667,"20210217_NFA_PFAS_Group_4_ Calculations.xlsx",1,""
"20210217","MW75-5809",5,2,"LDH","DMSO",0,0.714033333333333,"20210217_NFA_PFAS_Group_4_ Calculations.xlsx",1,""
"20210217","MW75-5809",5,3,"AB","3361 D02",0.1,22935.6666666667,"20210217_NFA_PFAS_Group_4_ Calculations.xlsx",0,"need C. Oxon only"
"20210217","MW75-5809",5,3,"LDH","3361 D02",0.1,0.643933333333333,"20210217_NFA_PFAS_Group_4_ Calculations.xlsx",0,"need C. Oxon only"
"20210217","MW75-5809",5,4,"AB","3361 D02",0.3,22405.6666666667,"20210217_NFA_PFAS_Group_4_ Calculations.xlsx",0,"need C. Oxon only"
"20210217","MW75-5809",5,4,"LDH","3361 D02",0.3,0.706133333333333,"20210217_NFA_PFAS_Group_4_ Calculations.xlsx",0,"need C. Oxon only"
"20210217","MW75-5809",5,5,"AB","3361 D02",1,22913.6666666667,"20210217_NFA_PFAS_Group_4_ Calculations.xlsx",0,"need C. Oxon only"
"20210217","MW75-5809",5,5,"LDH","3361 D02",1,0.828633333333333,"20210217_NFA_PFAS_Group_4_ Calculations.xlsx",0,"need C. Oxon only"
"20210217","MW75-5809",5,6,"AB","3361 D02",3,18801.6666666667,"20210217_NFA_PFAS_Group_4_ Calculations.xlsx",0,"need C. Oxon only"
"20210217","MW75-5809",5,6,"LDH","3361 D02",3,0.548333333333333,"20210217_NFA_PFAS_Group_4_ Calculations.xlsx",0,"need C. Oxon only"
"20210217","MW75-5809",5,7,"AB","3361 D02",10,631.666666666667,"20210217_NFA_PFAS_Group_4_ Calculations.xlsx",0,"need C. Oxon only"
"20210217","MW75-5809",5,7,"LDH","3361 D02",10,0.00813333333333334,"20210217_NFA_PFAS_Group_4_ Calculations.xlsx",0,"need C. Oxon only"
"20210217","MW75-5809",5,8,"AB","3361 D02",30,564.666666666667,"20210217_NFA_PFAS_Group_4_ Calculations.xlsx",0,"need C. Oxon only"
"20210217","MW75-5809",5,8,"LDH","3361 D02",30,0.00733333333333334,"20210217_NFA_PFAS_Group_4_ Calculations.xlsx",0,"need C. Oxon only"
"20210217","MW75-5809",6,1,"AB","Chlorpyrifos Oxon",0.03,26664.6666666667,"20210217_NFA_PFAS_Group_4_ Calculations.xlsx",1,""
"20210217","MW75-5809",6,1,"LDH","Chlorpyrifos Oxon",0.03,0.614233333333333,"20210217_NFA_PFAS_Group_4_ Calculations.xlsx",1,""
"20210217","MW75-5809",6,2,"AB","DMSO",0,23856.6666666667,"20210217_NFA_PFAS_Group_4_ Calculations.xlsx",1,""
"20210217","MW75-5809",6,2,"LDH","DMSO",0,0.611633333333333,"20210217_NFA_PFAS_Group_4_ Calculations.xlsx",1,""
"20210217","MW75-5809",6,3,"AB","Chlorpyrifos Oxon",0.1,20681.6666666667,"20210217_NFA_PFAS_Group_4_ Calculations.xlsx",1,""
"20210217","MW75-5809",6,3,"LDH","Chlorpyrifos Oxon",0.1,0.455133333333333,"20210217_NFA_PFAS_Group_4_ Calculations.xlsx",1,""
"20210217","MW75-5809",6,4,"AB","Chlorpyrifos Oxon",0.3,20267.6666666667,"20210217_NFA_PFAS_Group_4_ Calculations.xlsx",1,""
"20210217","MW75-5809",6,4,"LDH","Chlorpyrifos Oxon",0.3,0.369233333333333,"20210217_NFA_PFAS_Group_4_ Calculations.xlsx",1,""
"20210217","MW75-5809",6,5,"AB","Chlorpyrifos Oxon",1,18041.6666666667,"20210217_NFA_PFAS_Group_4_ Calculations.xlsx",1,""
"20210217","MW75-5809",6,5,"LDH","Chlorpyrifos Oxon",1,0.233133333333333,"20210217_NFA_PFAS_Group_4_ Calculations.xlsx",1,""
"20210217","MW75-5809",6,6,"AB","Chlorpyrifos Oxon",3,14227.6666666667,"20210217_NFA_PFAS_Group_4_ Calculations.xlsx",1,""
"20210217","MW75-5809",6,6,"LDH","Chlorpyrifos Oxon",3,0.134033333333333,"20210217_NFA_PFAS_Group_4_ Calculations.xlsx",1,""
"20210217","MW75-5809",6,7,"AB","Chlorpyrifos Oxon",10,11043.6666666667,"20210217_NFA_PFAS_Group_4_ Calculations.xlsx",1,""
"20210217","MW75-5809",6,7,"LDH","Chlorpyrifos Oxon",10,0.0939333333333333,"20210217_NFA_PFAS_Group_4_ Calculations.xlsx",1,""
"20210217","MW75-5809",6,8,"AB","Chlorpyrifos Oxon",30,2623.66666666667,"20210217_NFA_PFAS_Group_4_ Calculations.xlsx",1,""
"20210217","MW75-5809",6,8,"LDH","Chlorpyrifos Oxon",30,0.0268333333333333,"20210217_NFA_PFAS_Group_4_ Calculations.xlsx",1,""
"20210217","MW75-5810",1,1,"AB","3360 H07",0.03,22331,"20210217_NFA_PFAS_Group_4_ Calculations.xlsx",0,"need C. Oxon only"
"20210217","MW75-5810",1,1,"LDH","3360 H07",0.03,0.5081,"20210217_NFA_PFAS_Group_4_ Calculations.xlsx",0,"need C. Oxon only"
"20210217","MW75-5810",1,2,"AB","DMSO",0,23424,"20210217_NFA_PFAS_Group_4_ Calculations.xlsx",1,""
"20210217","MW75-5810",1,2,"LDH","DMSO",0,0.4878,"20210217_NFA_PFAS_Group_4_ Calculations.xlsx",1,""
"20210217","MW75-5810",1,3,"AB","3360 H07",0.1,26723,"20210217_NFA_PFAS_Group_4_ Calculations.xlsx",0,"need C. Oxon only"
"20210217","MW75-5810",1,3,"LDH","3360 H07",0.1,0.7433,"20210217_NFA_PFAS_Group_4_ Calculations.xlsx",0,"need C. Oxon only"
"20210217","MW75-5810",1,4,"AB","3360 H07",0.3,29126,"20210217_NFA_PFAS_Group_4_ Calculations.xlsx",0,"need C. Oxon only"
"20210217","MW75-5810",1,4,"LDH","3360 H07",0.3,0.7608,"20210217_NFA_PFAS_Group_4_ Calculations.xlsx",0,"need C. Oxon only"
"20210217","MW75-5810",1,5,"AB","3360 H07",1,29174,"20210217_NFA_PFAS_Group_4_ Calculations.xlsx",0,"need C. Oxon only"
"20210217","MW75-5810",1,5,"LDH","3360 H07",1,0.7564,"20210217_NFA_PFAS_Group_4_ Calculations.xlsx",0,"need C. Oxon only"
"20210217","MW75-5810",1,6,"AB","3360 H07",3,29637,"20210217_NFA_PFAS_Group_4_ Calculations.xlsx",0,"need C. Oxon only"
"20210217","MW75-5810",1,6,"LDH","3360 H07",3,1.0317,"20210217_NFA_PFAS_Group_4_ Calculations.xlsx",0,"need C. Oxon only"
"20210217","MW75-5810",1,7,"AB","3360 H07",10,27855,"20210217_NFA_PFAS_Group_4_ Calculations.xlsx",0,"need C. Oxon only"
"20210217","MW75-5810",1,7,"LDH","3360 H07",10,0.0352,"20210217_NFA_PFAS_Group_4_ Calculations.xlsx",0,"need C. Oxon only"
"20210217","MW75-5810",1,8,"AB","3360 H07",30,16881,"20210217_NFA_PFAS_Group_4_ Calculations.xlsx",0,"need C. Oxon only"
"20210217","MW75-5810",1,8,"LDH","3360 H07",30,0.0208,"20210217_NFA_PFAS_Group_4_ Calculations.xlsx",0,"need C. Oxon only"
"20210217","MW75-5810",2,1,"AB","3360 G10",0.03,20818,"20210217_NFA_PFAS_Group_4_ Calculations.xlsx",0,"need C. Oxon only"
"20210217","MW75-5810",2,1,"LDH","3360 G10",0.03,0.7208,"20210217_NFA_PFAS_Group_4_ Calculations.xlsx",0,"need C. Oxon only"
"20210217","MW75-5810",2,2,"AB","DMSO",0,21034,"20210217_NFA_PFAS_Group_4_ Calculations.xlsx",1,""
"20210217","MW75-5810",2,2,"LDH","DMSO",0,0.7817,"20210217_NFA_PFAS_Group_4_ Calculations.xlsx",1,""
"20210217","MW75-5810",2,3,"AB","3360 G10",0.1,25124,"20210217_NFA_PFAS_Group_4_ Calculations.xlsx",0,"need C. Oxon only"
"20210217","MW75-5810",2,3,"LDH","3360 G10",0.1,0.7807,"20210217_NFA_PFAS_Group_4_ Calculations.xlsx",0,"need C. Oxon only"
"20210217","MW75-5810",2,4,"AB","3360 G10",0.3,23222,"20210217_NFA_PFAS_Group_4_ Calculations.xlsx",0,"need C. Oxon only"
"20210217","MW75-5810",2,4,"LDH","3360 G10",0.3,0.7354,"20210217_NFA_PFAS_Group_4_ Calculations.xlsx",0,"need C. Oxon only"
"20210217","MW75-5810",2,5,"AB","3360 G10",1,19131,"20210217_NFA_PFAS_Group_4_ Calculations.xlsx",0,"need C. Oxon only"
"20210217","MW75-5810",2,5,"LDH","3360 G10",1,0.4803,"20210217_NFA_PFAS_Group_4_ Calculations.xlsx",0,"need C. Oxon only"
"20210217","MW75-5810",2,6,"AB","3360 G10",3,27797,"20210217_NFA_PFAS_Group_4_ Calculations.xlsx",0,"need C. Oxon only"
"20210217","MW75-5810",2,6,"LDH","3360 G10",3,0.7766,"20210217_NFA_PFAS_Group_4_ Calculations.xlsx",0,"need C. Oxon only"
"20210217","MW75-5810",2,7,"AB","3360 G10",10,27108,"20210217_NFA_PFAS_Group_4_ Calculations.xlsx",0,"need C. Oxon only"
"20210217","MW75-5810",2,7,"LDH","3360 G10",10,0.7917,"20210217_NFA_PFAS_Group_4_ Calculations.xlsx",0,"need C. Oxon only"
"20210217","MW75-5810",2,8,"AB","3360 G10",30,22735,"20210217_NFA_PFAS_Group_4_ Calculations.xlsx",0,"need C. Oxon only"
"20210217","MW75-5810",2,8,"LDH","3360 G10",30,0.5592,"20210217_NFA_PFAS_Group_4_ Calculations.xlsx",0,"need C. Oxon only"
"20210217","MW75-5810",3,1,"AB","3360 H02",0.03,23471,"20210217_NFA_PFAS_Group_4_ Calculations.xlsx",0,"need C. Oxon only"
"20210217","MW75-5810",3,1,"LDH","3360 H02",0.03,0.5513,"20210217_NFA_PFAS_Group_4_ Calculations.xlsx",0,"need C. Oxon only"
"20210217","MW75-5810",3,2,"AB","DMSO",0,23841,"20210217_NFA_PFAS_Group_4_ Calculations.xlsx",1,""
"20210217","MW75-5810",3,2,"LDH","DMSO",0,0.7123,"20210217_NFA_PFAS_Group_4_ Calculations.xlsx",1,""
"20210217","MW75-5810",3,3,"AB","3360 H02",0.1,26180,"20210217_NFA_PFAS_Group_4_ Calculations.xlsx",0,"need C. Oxon only"
"20210217","MW75-5810",3,3,"LDH","3360 H02",0.1,0.7874,"20210217_NFA_PFAS_Group_4_ Calculations.xlsx",0,"need C. Oxon only"
"20210217","MW75-5810",3,4,"AB","3360 H02",0.3,26233,"20210217_NFA_PFAS_Group_4_ Calculations.xlsx",0,"need C. Oxon only"
"20210217","MW75-5810",3,4,"LDH","3360 H02",0.3,0.8287,"20210217_NFA_PFAS_Group_4_ Calculations.xlsx",0,"need C. Oxon only"
"20210217","MW75-5810",3,5,"AB","3360 H02",1,23454,"20210217_NFA_PFAS_Group_4_ Calculations.xlsx",0,"need C. Oxon only"
"20210217","MW75-5810",3,5,"LDH","3360 H02",1,0.6368,"20210217_NFA_PFAS_Group_4_ Calculations.xlsx",0,"need C. Oxon only"
"20210217","MW75-5810",3,6,"AB","3360 H02",3,27269,"20210217_NFA_PFAS_Group_4_ Calculations.xlsx",0,"need C. Oxon only"
"20210217","MW75-5810",3,6,"LDH","3360 H02",3,0.9803,"20210217_NFA_PFAS_Group_4_ Calculations.xlsx",0,"need C. Oxon only"
"20210217","MW75-5810",3,7,"AB","3360 H02",10,26169,"20210217_NFA_PFAS_Group_4_ Calculations.xlsx",0,"need C. Oxon only"
"20210217","MW75-5810",3,7,"LDH","3360 H02",10,0.6596,"20210217_NFA_PFAS_Group_4_ Calculations.xlsx",0,"need C. Oxon only"
"20210217","MW75-5810",3,8,"AB","3360 H02",30,1068,"20210217_NFA_PFAS_Group_4_ Calculations.xlsx",0,"need C. Oxon only"
"20210217","MW75-5810",3,8,"LDH","3360 H02",30,0.0144,"20210217_NFA_PFAS_Group_4_ Calculations.xlsx",0,"need C. Oxon only"
"20210217","MW75-5810",4,1,"AB","Chlorpyrifos Oxon",0.03,24351,"20210217_NFA_PFAS_Group_4_ Calculations.xlsx",1,""
"20210217","MW75-5810",4,1,"LDH","Chlorpyrifos Oxon",0.03,0.6924,"20210217_NFA_PFAS_Group_4_ Calculations.xlsx",1,""
"20210217","MW75-5810",4,2,"AB","DMSO",0,21669,"20210217_NFA_PFAS_Group_4_ Calculations.xlsx",1,""
"20210217","MW75-5810",4,2,"LDH","DMSO",0,0.6658,"20210217_NFA_PFAS_Group_4_ Calculations.xlsx",1,""
"20210217","MW75-5810",4,3,"AB","Chlorpyrifos Oxon",0.1,22879,"20210217_NFA_PFAS_Group_4_ Calculations.xlsx",1,""
"20210217","MW75-5810",4,3,"LDH","Chlorpyrifos Oxon",0.1,0.7453,"20210217_NFA_PFAS_Group_4_ Calculations.xlsx",1,""
"20210217","MW75-5810",4,4,"AB","Chlorpyrifos Oxon",0.3,21421,"20210217_NFA_PFAS_Group_4_ Calculations.xlsx",1,""
"20210217","MW75-5810",4,4,"LDH","Chlorpyrifos Oxon",0.3,0.742,"20210217_NFA_PFAS_Group_4_ Calculations.xlsx",1,""
"20210217","MW75-5810",4,5,"AB","Chlorpyrifos Oxon",1,20676,"20210217_NFA_PFAS_Group_4_ Calculations.xlsx",1,""
"20210217","MW75-5810",4,5,"LDH","Chlorpyrifos Oxon",1,0.4737,"20210217_NFA_PFAS_Group_4_ Calculations.xlsx",1,""
"20210217","MW75-5810",4,6,"AB","Chlorpyrifos Oxon",3,19101,"20210217_NFA_PFAS_Group_4_ Calculations.xlsx",1,""
"20210217","MW75-5810",4,6,"LDH","Chlorpyrifos Oxon",3,0.2963,"20210217_NFA_PFAS_Group_4_ Calculations.xlsx",1,""
"20210217","MW75-5810",4,7,"AB","Chlorpyrifos Oxon",10,16792,"20210217_NFA_PFAS_Group_4_ Calculations.xlsx",1,""
"20210217","MW75-5810",4,7,"LDH","Chlorpyrifos Oxon",10,0.1466,"20210217_NFA_PFAS_Group_4_ Calculations.xlsx",1,""
"20210217","MW75-5810",4,8,"AB","Chlorpyrifos Oxon",30,13076,"20210217_NFA_PFAS_Group_4_ Calculations.xlsx",1,""
"20210217","MW75-5810",4,8,"LDH","Chlorpyrifos Oxon",30,0.1075,"20210217_NFA_PFAS_Group_4_ Calculations.xlsx",1,""
"20210217","MW75-5810",5,1,"AB","3361 A03",0.03,22864,"20210217_NFA_PFAS_Group_4_ Calculations.xlsx",0,"need C. Oxon only"
"20210217","MW75-5810",5,1,"LDH","3361 A03",0.03,0.6432,"20210217_NFA_PFAS_Group_4_ Calculations.xlsx",0,"need C. Oxon only"
"20210217","MW75-5810",5,2,"AB","DMSO",0,20919,"20210217_NFA_PFAS_Group_4_ Calculations.xlsx",1,""
"20210217","MW75-5810",5,2,"LDH","DMSO",0,0.657,"20210217_NFA_PFAS_Group_4_ Calculations.xlsx",1,""
"20210217","MW75-5810",5,3,"AB","3361 A03",0.1,22991,"20210217_NFA_PFAS_Group_4_ Calculations.xlsx",0,"need C. Oxon only"
"20210217","MW75-5810",5,3,"LDH","3361 A03",0.1,0.7779,"20210217_NFA_PFAS_Group_4_ Calculations.xlsx",0,"need C. Oxon only"
"20210217","MW75-5810",5,4,"AB","3361 A03",0.3,24130,"20210217_NFA_PFAS_Group_4_ Calculations.xlsx",0,"need C. Oxon only"
"20210217","MW75-5810",5,4,"LDH","3361 A03",0.3,0.8346,"20210217_NFA_PFAS_Group_4_ Calculations.xlsx",0,"need C. Oxon only"
"20210217","MW75-5810",5,5,"AB","3361 A03",1,22588,"20210217_NFA_PFAS_Group_4_ Calculations.xlsx",0,"need C. Oxon only"
"20210217","MW75-5810",5,5,"LDH","3361 A03",1,0.7256,"20210217_NFA_PFAS_Group_4_ Calculations.xlsx",0,"need C. Oxon only"
"20210217","MW75-5810",5,6,"AB","3361 A03",3,20731,"20210217_NFA_PFAS_Group_4_ Calculations.xlsx",0,"need C. Oxon only"
"20210217","MW75-5810",5,6,"LDH","3361 A03",3,0.6426,"20210217_NFA_PFAS_Group_4_ Calculations.xlsx",0,"need C. Oxon only"
"20210217","MW75-5810",5,7,"AB","3361 A03",10,20229,"20210217_NFA_PFAS_Group_4_ Calculations.xlsx",0,"need C. Oxon only"
"20210217","MW75-5810",5,7,"LDH","3361 A03",10,0.5754,"20210217_NFA_PFAS_Group_4_ Calculations.xlsx",0,"need C. Oxon only"
"20210217","MW75-5810",5,8,"AB","3361 A03",30,15128,"20210217_NFA_PFAS_Group_4_ Calculations.xlsx",0,"need C. Oxon only"
"20210217","MW75-5810",5,8,"LDH","3361 A03",30,0.3151,"20210217_NFA_PFAS_Group_4_ Calculations.xlsx",0,"need C. Oxon only"
"20210217","MW75-5810",6,1,"AB","3361 D02",0.03,22129,"20210217_NFA_PFAS_Group_4_ Calculations.xlsx",0,"need C. Oxon only"
"20210217","MW75-5810",6,1,"LDH","3361 D02",0.03,0.7195,"20210217_NFA_PFAS_Group_4_ Calculations.xlsx",0,"need C. Oxon only"
"20210217","MW75-5810",6,2,"AB","DMSO",0,23487,"20210217_NFA_PFAS_Group_4_ Calculations.xlsx",1,""
"20210217","MW75-5810",6,2,"LDH","DMSO",0,0.8088,"20210217_NFA_PFAS_Group_4_ Calculations.xlsx",1,""
"20210217","MW75-5810",6,3,"AB","3361 D02",0.1,24080,"20210217_NFA_PFAS_Group_4_ Calculations.xlsx",0,"need C. Oxon only"
"20210217","MW75-5810",6,3,"LDH","3361 D02",0.1,0.8285,"20210217_NFA_PFAS_Group_4_ Calculations.xlsx",0,"need C. Oxon only"
"20210217","MW75-5810",6,4,"AB","3361 D02",0.3,26781,"20210217_NFA_PFAS_Group_4_ Calculations.xlsx",0,"need C. Oxon only"
"20210217","MW75-5810",6,4,"LDH","3361 D02",0.3,0.976,"20210217_NFA_PFAS_Group_4_ Calculations.xlsx",0,"need C. Oxon only"
"20210217","MW75-5810",6,5,"AB","3361 D02",1,24212,"20210217_NFA_PFAS_Group_4_ Calculations.xlsx",0,"need C. Oxon only"
"20210217","MW75-5810",6,5,"LDH","3361 D02",1,0.7787,"20210217_NFA_PFAS_Group_4_ Calculations.xlsx",0,"need C. Oxon only"
"20210217","MW75-5810",6,6,"AB","3361 D02",3,23838,"20210217_NFA_PFAS_Group_4_ Calculations.xlsx",0,"need C. Oxon only"
"20210217","MW75-5810",6,6,"LDH","3361 D02",3,0.8054,"20210217_NFA_PFAS_Group_4_ Calculations.xlsx",0,"need C. Oxon only"
"20210217","MW75-5810",6,7,"AB","3361 D02",10,853,"20210217_NFA_PFAS_Group_4_ Calculations.xlsx",0,"need C. Oxon only"
"20210217","MW75-5810",6,7,"LDH","3361 D02",10,0.009,"20210217_NFA_PFAS_Group_4_ Calculations.xlsx",0,"need C. Oxon only"
"20210217","MW75-5810",6,8,"AB","3361 D02",30,763,"20210217_NFA_PFAS_Group_4_ Calculations.xlsx",0,"need C. Oxon only"
"20210217","MW75-5810",6,8,"LDH","3361 D02",30,0.0116,"20210217_NFA_PFAS_Group_4_ Calculations.xlsx",0,"need C. Oxon only"
"20210217","MW75-5811",1,1,"AB","3360 H02",0.03,25077.3333333333,"20210217_NFA_PFAS_Group_4_ Calculations.xlsx",0,"need C. Oxon only"
"20210217","MW75-5811",1,1,"LDH","3360 H02",0.03,0.567566666666667,"20210217_NFA_PFAS_Group_4_ Calculations.xlsx",0,"need C. Oxon only"
"20210217","MW75-5811",1,2,"AB","DMSO",0,26807.3333333333,"20210217_NFA_PFAS_Group_4_ Calculations.xlsx",1,""
"20210217","MW75-5811",1,2,"LDH","DMSO",0,0.764266666666667,"20210217_NFA_PFAS_Group_4_ Calculations.xlsx",1,""
"20210217","MW75-5811",1,3,"AB","3360 H02",0.1,27254.3333333333,"20210217_NFA_PFAS_Group_4_ Calculations.xlsx",0,"need C. Oxon only"
"20210217","MW75-5811",1,3,"LDH","3360 H02",0.1,0.699966666666667,"20210217_NFA_PFAS_Group_4_ Calculations.xlsx",0,"need C. Oxon only"
"20210217","MW75-5811",1,4,"AB","3360 H02",0.3,26470.3333333333,"20210217_NFA_PFAS_Group_4_ Calculations.xlsx",0,"need C. Oxon only"
"20210217","MW75-5811",1,4,"LDH","3360 H02",0.3,0.711466666666667,"20210217_NFA_PFAS_Group_4_ Calculations.xlsx",0,"need C. Oxon only"
"20210217","MW75-5811",1,5,"AB","3360 H02",1,25131.3333333333,"20210217_NFA_PFAS_Group_4_ Calculations.xlsx",0,"need C. Oxon only"
"20210217","MW75-5811",1,5,"LDH","3360 H02",1,0.718966666666667,"20210217_NFA_PFAS_Group_4_ Calculations.xlsx",0,"need C. Oxon only"
"20210217","MW75-5811",1,6,"AB","3360 H02",3,24934.3333333333,"20210217_NFA_PFAS_Group_4_ Calculations.xlsx",0,"need C. Oxon only"
"20210217","MW75-5811",1,6,"LDH","3360 H02",3,0.682166666666667,"20210217_NFA_PFAS_Group_4_ Calculations.xlsx",0,"need C. Oxon only"
"20210217","MW75-5811",1,7,"AB","3360 H02",10,27487.3333333333,"20210217_NFA_PFAS_Group_4_ Calculations.xlsx",0,"need C. Oxon only"
"20210217","MW75-5811",1,7,"LDH","3360 H02",10,0.708566666666667,"20210217_NFA_PFAS_Group_4_ Calculations.xlsx",0,"need C. Oxon only"
"20210217","MW75-5811",1,8,"AB","3360 H02",30,9619.33333333333,"20210217_NFA_PFAS_Group_4_ Calculations.xlsx",0,"need C. Oxon only"
"20210217","MW75-5811",1,8,"LDH","3360 H02",30,0.0854666666666667,"20210217_NFA_PFAS_Group_4_ Calculations.xlsx",0,"need C. Oxon only"
"20210217","MW75-5811",2,1,"AB","3360 H07",0.03,26502.3333333333,"20210217_NFA_PFAS_Group_4_ Calculations.xlsx",0,"need C. Oxon only"
"20210217","MW75-5811",2,1,"LDH","3360 H07",0.03,0.809766666666667,"20210217_NFA_PFAS_Group_4_ Calculations.xlsx",0,"need C. Oxon only"
"20210217","MW75-5811",2,2,"AB","DMSO",0,23772.3333333333,"20210217_NFA_PFAS_Group_4_ Calculations.xlsx",1,""
"20210217","MW75-5811",2,2,"LDH","DMSO",0,0.924166666666667,"20210217_NFA_PFAS_Group_4_ Calculations.xlsx",1,""
"20210217","MW75-5811",2,3,"AB","3360 H07",0.1,25386.3333333333,"20210217_NFA_PFAS_Group_4_ Calculations.xlsx",0,"need C. Oxon only"
"20210217","MW75-5811",2,3,"LDH","3360 H07",0.1,0.751066666666667,"20210217_NFA_PFAS_Group_4_ Calculations.xlsx",0,"need C. Oxon only"
"20210217","MW75-5811",2,4,"AB","3360 H07",0.3,23513.3333333333,"20210217_NFA_PFAS_Group_4_ Calculations.xlsx",0,"need C. Oxon only"
"20210217","MW75-5811",2,4,"LDH","3360 H07",0.3,0.684966666666667,"20210217_NFA_PFAS_Group_4_ Calculations.xlsx",0,"need C. Oxon only"
"20210217","MW75-5811",2,5,"AB","3360 H07",1,25573.3333333333,"20210217_NFA_PFAS_Group_4_ Calculations.xlsx",0,"need C. Oxon only"
"20210217","MW75-5811",2,5,"LDH","3360 H07",1,0.759766666666667,"20210217_NFA_PFAS_Group_4_ Calculations.xlsx",0,"need C. Oxon only"
"20210217","MW75-5811",2,6,"AB","3360 H07",3,25934.3333333333,"20210217_NFA_PFAS_Group_4_ Calculations.xlsx",0,"need C. Oxon only"
"20210217","MW75-5811",2,6,"LDH","3360 H07",3,0.933166666666667,"20210217_NFA_PFAS_Group_4_ Calculations.xlsx",0,"need C. Oxon only"
"20210217","MW75-5811",2,7,"AB","3360 H07",10,26488.3333333333,"20210217_NFA_PFAS_Group_4_ Calculations.xlsx",0,"need C. Oxon only"
"20210217","MW75-5811",2,7,"LDH","3360 H07",10,0.703366666666667,"20210217_NFA_PFAS_Group_4_ Calculations.xlsx",0,"need C. Oxon only"
"20210217","MW75-5811",2,8,"AB","3360 H07",30,17007.3333333333,"20210217_NFA_PFAS_Group_4_ Calculations.xlsx",0,"need C. Oxon only"
"20210217","MW75-5811",2,8,"LDH","3360 H07",30,0.403966666666667,"20210217_NFA_PFAS_Group_4_ Calculations.xlsx",0,"need C. Oxon only"
"20210217","MW75-5811",3,1,"AB","3360 G10",0.03,26616.3333333333,"20210217_NFA_PFAS_Group_4_ Calculations.xlsx",0,"need C. Oxon only"
"20210217","MW75-5811",3,1,"LDH","3360 G10",0.03,0.713866666666667,"20210217_NFA_PFAS_Group_4_ Calculations.xlsx",0,"need C. Oxon only"
"20210217","MW75-5811",3,2,"AB","DMSO",0,26472.3333333333,"20210217_NFA_PFAS_Group_4_ Calculations.xlsx",1,""
"20210217","MW75-5811",3,2,"LDH","DMSO",0,0.783566666666667,"20210217_NFA_PFAS_Group_4_ Calculations.xlsx",1,""
"20210217","MW75-5811",3,3,"AB","3360 G10",0.1,23059.3333333333,"20210217_NFA_PFAS_Group_4_ Calculations.xlsx",0,"need C. Oxon only"
"20210217","MW75-5811",3,3,"LDH","3360 G10",0.1,0.714566666666667,"20210217_NFA_PFAS_Group_4_ Calculations.xlsx",0,"need C. Oxon only"
"20210217","MW75-5811",3,4,"AB","3360 G10",0.3,24769.3333333333,"20210217_NFA_PFAS_Group_4_ Calculations.xlsx",0,"need C. Oxon only"
"20210217","MW75-5811",3,4,"LDH","3360 G10",0.3,0.725066666666667,"20210217_NFA_PFAS_Group_4_ Calculations.xlsx",0,"need C. Oxon only"
"20210217","MW75-5811",3,5,"AB","3360 G10",1,24353.3333333333,"20210217_NFA_PFAS_Group_4_ Calculations.xlsx",0,"need C. Oxon only"
"20210217","MW75-5811",3,5,"LDH","3360 G10",1,0.759366666666667,"20210217_NFA_PFAS_Group_4_ Calculations.xlsx",0,"need C. Oxon only"
"20210217","MW75-5811",3,6,"AB","3360 G10",3,25710.3333333333,"20210217_NFA_PFAS_Group_4_ Calculations.xlsx",0,"need C. Oxon only"
"20210217","MW75-5811",3,6,"LDH","3360 G10",3,0.701266666666667,"20210217_NFA_PFAS_Group_4_ Calculations.xlsx",0,"need C. Oxon only"
"20210217","MW75-5811",3,7,"AB","3360 G10",10,26532.3333333333,"20210217_NFA_PFAS_Group_4_ Calculations.xlsx",0,"need C. Oxon only"
"20210217","MW75-5811",3,7,"LDH","3360 G10",10,0.768966666666667,"20210217_NFA_PFAS_Group_4_ Calculations.xlsx",0,"need C. Oxon only"
"20210217","MW75-5811",3,8,"AB","3360 G10",30,26186.3333333333,"20210217_NFA_PFAS_Group_4_ Calculations.xlsx",0,"need C. Oxon only"
"20210217","MW75-5811",3,8,"LDH","3360 G10",30,0.705166666666667,"20210217_NFA_PFAS_Group_4_ Calculations.xlsx",0,"need C. Oxon only"
"20210217","MW75-5811",4,1,"AB","3361 D02",0.03,25154.3333333333,"20210217_NFA_PFAS_Group_4_ Calculations.xlsx",0,"need C. Oxon only"
"20210217","MW75-5811",4,1,"LDH","3361 D02",0.03,0.854066666666667,"20210217_NFA_PFAS_Group_4_ Calculations.xlsx",0,"need C. Oxon only"
"20210217","MW75-5811",4,2,"AB","DMSO",0,25711.3333333333,"20210217_NFA_PFAS_Group_4_ Calculations.xlsx",1,""
"20210217","MW75-5811",4,2,"LDH","DMSO",0,0.786866666666667,"20210217_NFA_PFAS_Group_4_ Calculations.xlsx",1,""
"20210217","MW75-5811",4,3,"AB","3361 D02",0.1,23466.3333333333,"20210217_NFA_PFAS_Group_4_ Calculations.xlsx",0,"need C. Oxon only"
"20210217","MW75-5811",4,3,"LDH","3361 D02",0.1,0.703466666666667,"20210217_NFA_PFAS_Group_4_ Calculations.xlsx",0,"need C. Oxon only"
"20210217","MW75-5811",4,4,"AB","3361 D02",0.3,24395.3333333333,"20210217_NFA_PFAS_Group_4_ Calculations.xlsx",0,"need C. Oxon only"
"20210217","MW75-5811",4,4,"LDH","3361 D02",0.3,0.747266666666667,"20210217_NFA_PFAS_Group_4_ Calculations.xlsx",0,"need C. Oxon only"
"20210217","MW75-5811",4,5,"AB","3361 D02",1,24230.3333333333,"20210217_NFA_PFAS_Group_4_ Calculations.xlsx",0,"need C. Oxon only"
"20210217","MW75-5811",4,5,"LDH","3361 D02",1,0.745166666666667,"20210217_NFA_PFAS_Group_4_ Calculations.xlsx",0,"need C. Oxon only"
"20210217","MW75-5811",4,6,"AB","3361 D02",3,24038.3333333333,"20210217_NFA_PFAS_Group_4_ Calculations.xlsx",0,"need C. Oxon only"
"20210217","MW75-5811",4,6,"LDH","3361 D02",3,0.670466666666667,"20210217_NFA_PFAS_Group_4_ Calculations.xlsx",0,"need C. Oxon only"
"20210217","MW75-5811",4,7,"AB","3361 D02",10,2457.33333333333,"20210217_NFA_PFAS_Group_4_ Calculations.xlsx",0,"need C. Oxon only"
"20210217","MW75-5811",4,7,"LDH","3361 D02",10,0.0375666666666667,"20210217_NFA_PFAS_Group_4_ Calculations.xlsx",0,"need C. Oxon only"
"20210217","MW75-5811",4,8,"AB","3361 D02",30,903.333333333333,"20210217_NFA_PFAS_Group_4_ Calculations.xlsx",0,"need C. Oxon only"
"20210217","MW75-5811",4,8,"LDH","3361 D02",30,0.0147666666666667,"20210217_NFA_PFAS_Group_4_ Calculations.xlsx",0,"need C. Oxon only"
"20210217","MW75-5811",5,1,"AB","Chlorpyrifos Oxon",0.03,24522.3333333333,"20210217_NFA_PFAS_Group_4_ Calculations.xlsx",1,""
"20210217","MW75-5811",5,1,"LDH","Chlorpyrifos Oxon",0.03,0.725966666666667,"20210217_NFA_PFAS_Group_4_ Calculations.xlsx",1,""
"20210217","MW75-5811",5,2,"AB","DMSO",0,24768.3333333333,"20210217_NFA_PFAS_Group_4_ Calculations.xlsx",1,""
"20210217","MW75-5811",5,2,"LDH","DMSO",0,0.682266666666667,"20210217_NFA_PFAS_Group_4_ Calculations.xlsx",1,""
"20210217","MW75-5811",5,3,"AB","Chlorpyrifos Oxon",0.1,22995.3333333333,"20210217_NFA_PFAS_Group_4_ Calculations.xlsx",1,""
"20210217","MW75-5811",5,3,"LDH","Chlorpyrifos Oxon",0.1,0.666966666666667,"20210217_NFA_PFAS_Group_4_ Calculations.xlsx",1,""
"20210217","MW75-5811",5,4,"AB","Chlorpyrifos Oxon",0.3,22116.3333333333,"20210217_NFA_PFAS_Group_4_ Calculations.xlsx",1,""
"20210217","MW75-5811",5,4,"LDH","Chlorpyrifos Oxon",0.3,0.612766666666667,"20210217_NFA_PFAS_Group_4_ Calculations.xlsx",1,""
"20210217","MW75-5811",5,5,"AB","Chlorpyrifos Oxon",1,21095.3333333333,"20210217_NFA_PFAS_Group_4_ Calculations.xlsx",1,""
"20210217","MW75-5811",5,5,"LDH","Chlorpyrifos Oxon",1,0.453266666666667,"20210217_NFA_PFAS_Group_4_ Calculations.xlsx",1,""
"20210217","MW75-5811",5,6,"AB","Chlorpyrifos Oxon",3,18806.3333333333,"20210217_NFA_PFAS_Group_4_ Calculations.xlsx",1,""
"20210217","MW75-5811",5,6,"LDH","Chlorpyrifos Oxon",3,0.257066666666667,"20210217_NFA_PFAS_Group_4_ Calculations.xlsx",1,""
"20210217","MW75-5811",5,7,"AB","Chlorpyrifos Oxon",10,17181.3333333333,"20210217_NFA_PFAS_Group_4_ Calculations.xlsx",1,""
"20210217","MW75-5811",5,7,"LDH","Chlorpyrifos Oxon",10,0.145966666666667,"20210217_NFA_PFAS_Group_4_ Calculations.xlsx",1,""
"20210217","MW75-5811",5,8,"AB","Chlorpyrifos Oxon",30,14196.3333333333,"20210217_NFA_PFAS_Group_4_ Calculations.xlsx",1,""
"20210217","MW75-5811",5,8,"LDH","Chlorpyrifos Oxon",30,0.0879666666666667,"20210217_NFA_PFAS_Group_4_ Calculations.xlsx",1,""
"20210217","MW75-5811",6,1,"AB","3361 A03",0.03,27725.3333333333,"20210217_NFA_PFAS_Group_4_ Calculations.xlsx",0,"need C. Oxon only"
"20210217","MW75-5811",6,1,"LDH","3361 A03",0.03,0.0308666666666667,"20210217_NFA_PFAS_Group_4_ Calculations.xlsx",0,"need C. Oxon only"
"20210217","MW75-5811",6,2,"AB","DMSO",0,28403.3333333333,"20210217_NFA_PFAS_Group_4_ Calculations.xlsx",1,""
"20210217","MW75-5811",6,2,"LDH","DMSO",0,0.714466666666667,"20210217_NFA_PFAS_Group_4_ Calculations.xlsx",1,""
"20210217","MW75-5811",6,3,"AB","3361 A03",0.1,24118.3333333333,"20210217_NFA_PFAS_Group_4_ Calculations.xlsx",0,"need C. Oxon only"
"20210217","MW75-5811",6,3,"LDH","3361 A03",0.1,0.619666666666667,"20210217_NFA_PFAS_Group_4_ Calculations.xlsx",0,"need C. Oxon only"
"20210217","MW75-5811",6,4,"AB","3361 A03",0.3,24797.3333333333,"20210217_NFA_PFAS_Group_4_ Calculations.xlsx",0,"need C. Oxon only"
"20210217","MW75-5811",6,4,"LDH","3361 A03",0.3,0.585266666666667,"20210217_NFA_PFAS_Group_4_ Calculations.xlsx",0,"need C. Oxon only"
"20210217","MW75-5811",6,5,"AB","3361 A03",1,23723.3333333333,"20210217_NFA_PFAS_Group_4_ Calculations.xlsx",0,"need C. Oxon only"
"20210217","MW75-5811",6,5,"LDH","3361 A03",1,0.618666666666667,"20210217_NFA_PFAS_Group_4_ Calculations.xlsx",0,"need C. Oxon only"
"20210217","MW75-5811",6,6,"AB","3361 A03",3,23220.3333333333,"20210217_NFA_PFAS_Group_4_ Calculations.xlsx",0,"need C. Oxon only"
"20210217","MW75-5811",6,6,"LDH","3361 A03",3,0.525666666666667,"20210217_NFA_PFAS_Group_4_ Calculations.xlsx",0,"need C. Oxon only"
"20210217","MW75-5811",6,7,"AB","3361 A03",10,21876.3333333333,"20210217_NFA_PFAS_Group_4_ Calculations.xlsx",0,"need C. Oxon only"
"20210217","MW75-5811",6,7,"LDH","3361 A03",10,0.116066666666667,"20210217_NFA_PFAS_Group_4_ Calculations.xlsx",0,"need C. Oxon only"
"20210217","MW75-5811",6,8,"AB","3361 A03",30,17988.3333333333,"20210217_NFA_PFAS_Group_4_ Calculations.xlsx",0,"need C. Oxon only"
"20210217","MW75-5811",6,8,"LDH","3361 A03",30,0.0306666666666667,"20210217_NFA_PFAS_Group_4_ Calculations.xlsx",0,"need C. Oxon only"
