"date","Plate.SN","rowi","coli","acsn","treatment","conc","rval","srcf","wllq","wllq_notes"
"20180801","MW1207-21",1,1,"CCTE_Shafer_MEA_dev_AB",1475812,0.03,22652,"20180801_ON PFAS G1_1 Calculations.xlsx",0,"Fungal contamination"
"20180801","MW1207-21",1,1,"CCTE_Shafer_MEA_dev_LDH",1475812,0.03,1.18746666666667,"20180801_ON PFAS G1_1 Calculations.xlsx",0,"Fungal contamination"
"20180801","MW1207-21",1,2,"CCTE_Shafer_MEA_dev_AB",1475812,0,22648,"20180801_ON PFAS G1_1 Calculations.xlsx",0,"Fungal contamination"
"20180801","MW1207-21",1,2,"CCTE_Shafer_MEA_dev_LDH",1475812,0,1.13906666666667,"20180801_ON PFAS G1_1 Calculations.xlsx",0,"Fungal contamination"
"20180801","MW1207-21",1,3,"CCTE_Shafer_MEA_dev_AB",1475812,0.1,22015,"20180801_ON PFAS G1_1 Calculations.xlsx",0,"Fungal contamination"
"20180801","MW1207-21",1,3,"CCTE_Shafer_MEA_dev_LDH",1475812,0.1,1.16316666666667,"20180801_ON PFAS G1_1 Calculations.xlsx",0,"Fungal contamination"
"20180801","MW1207-21",1,4,"CCTE_Shafer_MEA_dev_AB",1475812,0.3,22781,"20180801_ON PFAS G1_1 Calculations.xlsx",0,"Fungal contamination"
"20180801","MW1207-21",1,4,"CCTE_Shafer_MEA_dev_LDH",1475812,0.3,1.05106666666667,"20180801_ON PFAS G1_1 Calculations.xlsx",0,"Fungal contamination"
"20180801","MW1207-21",1,5,"CCTE_Shafer_MEA_dev_AB",1475812,1,22460,"20180801_ON PFAS G1_1 Calculations.xlsx",0,"Fungal contamination"
"20180801","MW1207-21",1,5,"CCTE_Shafer_MEA_dev_LDH",1475812,1,1.13606666666667,"20180801_ON PFAS G1_1 Calculations.xlsx",0,"Fungal contamination"
"20180801","MW1207-21",1,6,"CCTE_Shafer_MEA_dev_AB",1475812,3,22126,"20180801_ON PFAS G1_1 Calculations.xlsx",0,"Fungal contamination"
"20180801","MW1207-21",1,6,"CCTE_Shafer_MEA_dev_LDH",1475812,3,0.998766666666667,"20180801_ON PFAS G1_1 Calculations.xlsx",0,"Fungal contamination"
"20180801","MW1207-21",1,7,"CCTE_Shafer_MEA_dev_AB",1475812,10,24805,"20180801_ON PFAS G1_1 Calculations.xlsx",0,"Fungal contamination"
"20180801","MW1207-21",1,7,"CCTE_Shafer_MEA_dev_LDH",1475812,10,1.09726666666667,"20180801_ON PFAS G1_1 Calculations.xlsx",0,"Fungal contamination"
"20180801","MW1207-21",1,8,"CCTE_Shafer_MEA_dev_AB",1475812,30,26136,"20180801_ON PFAS G1_1 Calculations.xlsx",0,"Fungal contamination"
"20180801","MW1207-21",1,8,"CCTE_Shafer_MEA_dev_LDH",1475812,30,1.16776666666667,"20180801_ON PFAS G1_1 Calculations.xlsx",0,"Fungal contamination"
"20180801","MW1207-21",2,1,"CCTE_Shafer_MEA_dev_AB",1475816,0.03,21010,"20180801_ON PFAS G1_1 Calculations.xlsx",0,"Fungal contamination"
"20180801","MW1207-21",2,1,"CCTE_Shafer_MEA_dev_LDH",1475816,0.03,1.20126666666667,"20180801_ON PFAS G1_1 Calculations.xlsx",0,"Fungal contamination"
"20180801","MW1207-21",2,2,"CCTE_Shafer_MEA_dev_AB",1475816,0,21882,"20180801_ON PFAS G1_1 Calculations.xlsx",0,"Fungal contamination"
"20180801","MW1207-21",2,2,"CCTE_Shafer_MEA_dev_LDH",1475816,0,1.27376666666667,"20180801_ON PFAS G1_1 Calculations.xlsx",0,"Fungal contamination"
"20180801","MW1207-21",2,3,"CCTE_Shafer_MEA_dev_AB",1475816,0.1,20272,"20180801_ON PFAS G1_1 Calculations.xlsx",0,"Fungal contamination"
"20180801","MW1207-21",2,3,"CCTE_Shafer_MEA_dev_LDH",1475816,0.1,1.08826666666667,"20180801_ON PFAS G1_1 Calculations.xlsx",0,"Fungal contamination"
"20180801","MW1207-21",2,4,"CCTE_Shafer_MEA_dev_AB",1475816,0.3,21362,"20180801_ON PFAS G1_1 Calculations.xlsx",0,"Fungal contamination"
"20180801","MW1207-21",2,4,"CCTE_Shafer_MEA_dev_LDH",1475816,0.3,1.14296666666667,"20180801_ON PFAS G1_1 Calculations.xlsx",0,"Fungal contamination"
"20180801","MW1207-21",2,5,"CCTE_Shafer_MEA_dev_AB",1475816,1,21952,"20180801_ON PFAS G1_1 Calculations.xlsx",0,"Fungal contamination"
"20180801","MW1207-21",2,5,"CCTE_Shafer_MEA_dev_LDH",1475816,1,1.07846666666667,"20180801_ON PFAS G1_1 Calculations.xlsx",0,"Fungal contamination"
"20180801","MW1207-21",2,6,"CCTE_Shafer_MEA_dev_AB",1475816,3,21920,"20180801_ON PFAS G1_1 Calculations.xlsx",0,"Fungal contamination"
"20180801","MW1207-21",2,6,"CCTE_Shafer_MEA_dev_LDH",1475816,3,1.18096666666667,"20180801_ON PFAS G1_1 Calculations.xlsx",0,"Fungal contamination"
"20180801","MW1207-21",2,7,"CCTE_Shafer_MEA_dev_AB",1475816,10,22609,"20180801_ON PFAS G1_1 Calculations.xlsx",0,"Fungal contamination"
"20180801","MW1207-21",2,7,"CCTE_Shafer_MEA_dev_LDH",1475816,10,0.993266666666667,"20180801_ON PFAS G1_1 Calculations.xlsx",0,"Fungal contamination"
"20180801","MW1207-21",2,8,"CCTE_Shafer_MEA_dev_AB",1475816,30,23325,"20180801_ON PFAS G1_1 Calculations.xlsx",0,"Fungal contamination"
"20180801","MW1207-21",2,8,"CCTE_Shafer_MEA_dev_LDH",1475816,30,1.04826666666667,"20180801_ON PFAS G1_1 Calculations.xlsx",0,"Fungal contamination"
"20180801","MW1207-21",3,1,"CCTE_Shafer_MEA_dev_AB",1475817,0.03,20342,"20180801_ON PFAS G1_1 Calculations.xlsx",0,"Fungal contamination"
"20180801","MW1207-21",3,1,"CCTE_Shafer_MEA_dev_LDH",1475817,0.03,1.15576666666667,"20180801_ON PFAS G1_1 Calculations.xlsx",0,"Fungal contamination"
"20180801","MW1207-21",3,2,"CCTE_Shafer_MEA_dev_AB",1475817,0,21103,"20180801_ON PFAS G1_1 Calculations.xlsx",0,"Fungal contamination"
"20180801","MW1207-21",3,2,"CCTE_Shafer_MEA_dev_LDH",1475817,0,1.13326666666667,"20180801_ON PFAS G1_1 Calculations.xlsx",0,"Fungal contamination"
"20180801","MW1207-21",3,3,"CCTE_Shafer_MEA_dev_AB",1475817,0.1,19547,"20180801_ON PFAS G1_1 Calculations.xlsx",0,"Fungal contamination"
"20180801","MW1207-21",3,3,"CCTE_Shafer_MEA_dev_LDH",1475817,0.1,0.973166666666667,"20180801_ON PFAS G1_1 Calculations.xlsx",0,"Fungal contamination"
"20180801","MW1207-21",3,4,"CCTE_Shafer_MEA_dev_AB",1475817,0.3,21272,"20180801_ON PFAS G1_1 Calculations.xlsx",0,"Fungal contamination"
"20180801","MW1207-21",3,4,"CCTE_Shafer_MEA_dev_LDH",1475817,0.3,1.00186666666667,"20180801_ON PFAS G1_1 Calculations.xlsx",0,"Fungal contamination"
"20180801","MW1207-21",3,5,"CCTE_Shafer_MEA_dev_AB",1475817,1,22312,"20180801_ON PFAS G1_1 Calculations.xlsx",0,"Fungal contamination"
"20180801","MW1207-21",3,5,"CCTE_Shafer_MEA_dev_LDH",1475817,1,1.11396666666667,"20180801_ON PFAS G1_1 Calculations.xlsx",0,"Fungal contamination"
"20180801","MW1207-21",3,6,"CCTE_Shafer_MEA_dev_AB",1475817,3,21117,"20180801_ON PFAS G1_1 Calculations.xlsx",0,"Fungal contamination"
"20180801","MW1207-21",3,6,"CCTE_Shafer_MEA_dev_LDH",1475817,3,0.956266666666667,"20180801_ON PFAS G1_1 Calculations.xlsx",0,"Fungal contamination"
"20180801","MW1207-21",3,7,"CCTE_Shafer_MEA_dev_AB",1475817,10,23194,"20180801_ON PFAS G1_1 Calculations.xlsx",0,"Fungal contamination"
"20180801","MW1207-21",3,7,"CCTE_Shafer_MEA_dev_LDH",1475817,10,1.09226666666667,"20180801_ON PFAS G1_1 Calculations.xlsx",0,"Fungal contamination"
"20180801","MW1207-21",3,8,"CCTE_Shafer_MEA_dev_AB",1475817,30,23664,"20180801_ON PFAS G1_1 Calculations.xlsx",0,"Fungal contamination"
"20180801","MW1207-21",3,8,"CCTE_Shafer_MEA_dev_LDH",1475817,30,1.00046666666667,"20180801_ON PFAS G1_1 Calculations.xlsx",0,"Fungal contamination"
"20180801","MW1207-21",4,1,"CCTE_Shafer_MEA_dev_AB",1475818,0.03,20199,"20180801_ON PFAS G1_1 Calculations.xlsx",0,"Fungal contamination"
"20180801","MW1207-21",4,1,"CCTE_Shafer_MEA_dev_LDH",1475818,0.03,1.06216666666667,"20180801_ON PFAS G1_1 Calculations.xlsx",0,"Fungal contamination"
"20180801","MW1207-21",4,2,"CCTE_Shafer_MEA_dev_AB",1475818,0,21403,"20180801_ON PFAS G1_1 Calculations.xlsx",0,"Fungal contamination"
"20180801","MW1207-21",4,2,"CCTE_Shafer_MEA_dev_LDH",1475818,0,1.18646666666667,"20180801_ON PFAS G1_1 Calculations.xlsx",0,"Fungal contamination"
"20180801","MW1207-21",4,3,"CCTE_Shafer_MEA_dev_AB",1475818,0.1,20401,"20180801_ON PFAS G1_1 Calculations.xlsx",0,"Fungal contamination"
"20180801","MW1207-21",4,3,"CCTE_Shafer_MEA_dev_LDH",1475818,0.1,0.938866666666667,"20180801_ON PFAS G1_1 Calculations.xlsx",0,"Fungal contamination"
"20180801","MW1207-21",4,4,"CCTE_Shafer_MEA_dev_AB",1475818,0.3,19953,"20180801_ON PFAS G1_1 Calculations.xlsx",0,"Fungal contamination"
"20180801","MW1207-21",4,4,"CCTE_Shafer_MEA_dev_LDH",1475818,0.3,1.03786666666667,"20180801_ON PFAS G1_1 Calculations.xlsx",0,"Fungal contamination"
"20180801","MW1207-21",4,5,"CCTE_Shafer_MEA_dev_AB",1475818,1,20995,"20180801_ON PFAS G1_1 Calculations.xlsx",0,"Fungal contamination"
"20180801","MW1207-21",4,5,"CCTE_Shafer_MEA_dev_LDH",1475818,1,1.00746666666667,"20180801_ON PFAS G1_1 Calculations.xlsx",0,"Fungal contamination"
"20180801","MW1207-21",4,6,"CCTE_Shafer_MEA_dev_AB",1475818,3,23269,"20180801_ON PFAS G1_1 Calculations.xlsx",0,"Fungal contamination"
"20180801","MW1207-21",4,6,"CCTE_Shafer_MEA_dev_LDH",1475818,3,1.03096666666667,"20180801_ON PFAS G1_1 Calculations.xlsx",0,"Fungal contamination"
"20180801","MW1207-21",4,7,"CCTE_Shafer_MEA_dev_AB",1475818,10,22923,"20180801_ON PFAS G1_1 Calculations.xlsx",0,"Fungal contamination"
"20180801","MW1207-21",4,7,"CCTE_Shafer_MEA_dev_LDH",1475818,10,1.06086666666667,"20180801_ON PFAS G1_1 Calculations.xlsx",0,"Fungal contamination"
"20180801","MW1207-21",4,8,"CCTE_Shafer_MEA_dev_AB",1475818,30,22890,"20180801_ON PFAS G1_1 Calculations.xlsx",0,"Fungal contamination"
"20180801","MW1207-21",4,8,"CCTE_Shafer_MEA_dev_LDH",1475818,30,0.887866666666667,"20180801_ON PFAS G1_1 Calculations.xlsx",0,"Fungal contamination"
"20180801","MW1207-21",5,1,"CCTE_Shafer_MEA_dev_AB",1475820,0.03,20010,"20180801_ON PFAS G1_1 Calculations.xlsx",0,"Fungal contamination"
"20180801","MW1207-21",5,1,"CCTE_Shafer_MEA_dev_LDH",1475820,0.03,1.23906666666667,"20180801_ON PFAS G1_1 Calculations.xlsx",0,"Fungal contamination"
"20180801","MW1207-21",5,2,"CCTE_Shafer_MEA_dev_AB",1475820,0,21251,"20180801_ON PFAS G1_1 Calculations.xlsx",0,"Fungal contamination"
"20180801","MW1207-21",5,2,"CCTE_Shafer_MEA_dev_LDH",1475820,0,1.08876666666667,"20180801_ON PFAS G1_1 Calculations.xlsx",0,"Fungal contamination"
"20180801","MW1207-21",5,3,"CCTE_Shafer_MEA_dev_AB",1475820,0.1,21003,"20180801_ON PFAS G1_1 Calculations.xlsx",0,"Fungal contamination"
"20180801","MW1207-21",5,3,"CCTE_Shafer_MEA_dev_LDH",1475820,0.1,1.18026666666667,"20180801_ON PFAS G1_1 Calculations.xlsx",0,"Fungal contamination"
"20180801","MW1207-21",5,4,"CCTE_Shafer_MEA_dev_AB",1475820,0.3,20037,"20180801_ON PFAS G1_1 Calculations.xlsx",0,"Fungal contamination"
"20180801","MW1207-21",5,4,"CCTE_Shafer_MEA_dev_LDH",1475820,0.3,1.01266666666667,"20180801_ON PFAS G1_1 Calculations.xlsx",0,"Fungal contamination"
"20180801","MW1207-21",5,5,"CCTE_Shafer_MEA_dev_AB",1475820,1,21002,"20180801_ON PFAS G1_1 Calculations.xlsx",0,"Fungal contamination"
"20180801","MW1207-21",5,5,"CCTE_Shafer_MEA_dev_LDH",1475820,1,1.22406666666667,"20180801_ON PFAS G1_1 Calculations.xlsx",0,"Fungal contamination"
"20180801","MW1207-21",5,6,"CCTE_Shafer_MEA_dev_AB",1475820,3,21126,"20180801_ON PFAS G1_1 Calculations.xlsx",0,"Fungal contamination"
"20180801","MW1207-21",5,6,"CCTE_Shafer_MEA_dev_LDH",1475820,3,1.20756666666667,"20180801_ON PFAS G1_1 Calculations.xlsx",0,"Fungal contamination"
"20180801","MW1207-21",5,7,"CCTE_Shafer_MEA_dev_AB",1475820,10,22601,"20180801_ON PFAS G1_1 Calculations.xlsx",0,"Fungal contamination"
"20180801","MW1207-21",5,7,"CCTE_Shafer_MEA_dev_LDH",1475820,10,1.18016666666667,"20180801_ON PFAS G1_1 Calculations.xlsx",0,"Fungal contamination"
"20180801","MW1207-21",5,8,"CCTE_Shafer_MEA_dev_AB",1475820,30,21573,"20180801_ON PFAS G1_1 Calculations.xlsx",0,"Fungal contamination"
"20180801","MW1207-21",5,8,"CCTE_Shafer_MEA_dev_LDH",1475820,30,1.10306666666667,"20180801_ON PFAS G1_1 Calculations.xlsx",0,"Fungal contamination"
"20180801","MW1207-21",6,1,"CCTE_Shafer_MEA_dev_AB",1475823,0.03,20826,"20180801_ON PFAS G1_1 Calculations.xlsx",0,"Fungal contamination"
"20180801","MW1207-21",6,1,"CCTE_Shafer_MEA_dev_LDH",1475823,0.03,1.22006666666667,"20180801_ON PFAS G1_1 Calculations.xlsx",0,"Fungal contamination"
"20180801","MW1207-21",6,2,"CCTE_Shafer_MEA_dev_AB",1475823,0,18473,"20180801_ON PFAS G1_1 Calculations.xlsx",0,"Fungal contamination"
"20180801","MW1207-21",6,2,"CCTE_Shafer_MEA_dev_LDH",1475823,0,0.863066666666667,"20180801_ON PFAS G1_1 Calculations.xlsx",0,"Fungal contamination"
"20180801","MW1207-21",6,3,"CCTE_Shafer_MEA_dev_AB",1475823,0.1,21404,"20180801_ON PFAS G1_1 Calculations.xlsx",0,"Fungal contamination"
"20180801","MW1207-21",6,3,"CCTE_Shafer_MEA_dev_LDH",1475823,0.1,1.13036666666667,"20180801_ON PFAS G1_1 Calculations.xlsx",0,"Fungal contamination"
"20180801","MW1207-21",6,4,"CCTE_Shafer_MEA_dev_AB",1475823,0.3,21473,"20180801_ON PFAS G1_1 Calculations.xlsx",0,"Fungal contamination"
"20180801","MW1207-21",6,4,"CCTE_Shafer_MEA_dev_LDH",1475823,0.3,1.20366666666667,"20180801_ON PFAS G1_1 Calculations.xlsx",0,"Fungal contamination"
"20180801","MW1207-21",6,5,"CCTE_Shafer_MEA_dev_AB",1475823,1,20340,"20180801_ON PFAS G1_1 Calculations.xlsx",0,"Fungal contamination"
"20180801","MW1207-21",6,5,"CCTE_Shafer_MEA_dev_LDH",1475823,1,1.12106666666667,"20180801_ON PFAS G1_1 Calculations.xlsx",0,"Fungal contamination"
"20180801","MW1207-21",6,6,"CCTE_Shafer_MEA_dev_AB",1475823,3,23937,"20180801_ON PFAS G1_1 Calculations.xlsx",0,"Fungal contamination"
"20180801","MW1207-21",6,6,"CCTE_Shafer_MEA_dev_LDH",1475823,3,1.25156666666667,"20180801_ON PFAS G1_1 Calculations.xlsx",0,"Fungal contamination"
"20180801","MW1207-21",6,7,"CCTE_Shafer_MEA_dev_AB",1475823,10,22259,"20180801_ON PFAS G1_1 Calculations.xlsx",0,"Fungal contamination"
"20180801","MW1207-21",6,7,"CCTE_Shafer_MEA_dev_LDH",1475823,10,1.18616666666667,"20180801_ON PFAS G1_1 Calculations.xlsx",0,"Fungal contamination"
"20180801","MW1207-21",6,8,"CCTE_Shafer_MEA_dev_AB",1475823,30,22053,"20180801_ON PFAS G1_1 Calculations.xlsx",0,"Fungal contamination"
"20180801","MW1207-21",6,8,"CCTE_Shafer_MEA_dev_LDH",1475823,30,1.35506666666667,"20180801_ON PFAS G1_1 Calculations.xlsx",0,"Fungal contamination"
"20180801","MW1207-22",1,1,"CCTE_Shafer_MEA_dev_AB",1475812,0,21838.3333333333,"20180801_ON PFAS G1_1 Calculations.xlsx",1,""
"20180801","MW1207-22",1,1,"CCTE_Shafer_MEA_dev_LDH",1475812,0,1.18046666666667,"20180801_ON PFAS G1_1 Calculations.xlsx",1,""
"20180801","MW1207-22",1,2,"CCTE_Shafer_MEA_dev_AB",1475812,0.03,21883.3333333333,"20180801_ON PFAS G1_1 Calculations.xlsx",1,""
"20180801","MW1207-22",1,2,"CCTE_Shafer_MEA_dev_LDH",1475812,0.03,1.13456666666667,"20180801_ON PFAS G1_1 Calculations.xlsx",1,""
"20180801","MW1207-22",1,3,"CCTE_Shafer_MEA_dev_AB",1475812,0.1,23001.3333333333,"20180801_ON PFAS G1_1 Calculations.xlsx",1,""
"20180801","MW1207-22",1,3,"CCTE_Shafer_MEA_dev_LDH",1475812,0.1,1.36826666666667,"20180801_ON PFAS G1_1 Calculations.xlsx",1,""
"20180801","MW1207-22",1,4,"CCTE_Shafer_MEA_dev_AB",1475812,0.3,23711.3333333333,"20180801_ON PFAS G1_1 Calculations.xlsx",1,""
"20180801","MW1207-22",1,4,"CCTE_Shafer_MEA_dev_LDH",1475812,0.3,1.12146666666667,"20180801_ON PFAS G1_1 Calculations.xlsx",1,""
"20180801","MW1207-22",1,5,"CCTE_Shafer_MEA_dev_AB",1475812,1,26500.3333333333,"20180801_ON PFAS G1_1 Calculations.xlsx",1,""
"20180801","MW1207-22",1,5,"CCTE_Shafer_MEA_dev_LDH",1475812,1,1.08366666666667,"20180801_ON PFAS G1_1 Calculations.xlsx",1,""
"20180801","MW1207-22",1,6,"CCTE_Shafer_MEA_dev_AB",1475812,3,24174.3333333333,"20180801_ON PFAS G1_1 Calculations.xlsx",1,""
"20180801","MW1207-22",1,6,"CCTE_Shafer_MEA_dev_LDH",1475812,3,0.970666666666667,"20180801_ON PFAS G1_1 Calculations.xlsx",1,""
"20180801","MW1207-22",1,7,"CCTE_Shafer_MEA_dev_AB",1475812,10,25245.3333333333,"20180801_ON PFAS G1_1 Calculations.xlsx",1,""
"20180801","MW1207-22",1,7,"CCTE_Shafer_MEA_dev_LDH",1475812,10,0.962066666666667,"20180801_ON PFAS G1_1 Calculations.xlsx",1,""
"20180801","MW1207-22",1,8,"CCTE_Shafer_MEA_dev_AB",1475812,30,26410.3333333333,"20180801_ON PFAS G1_1 Calculations.xlsx",1,""
"20180801","MW1207-22",1,8,"CCTE_Shafer_MEA_dev_LDH",1475812,30,0.991066666666667,"20180801_ON PFAS G1_1 Calculations.xlsx",1,""
"20180801","MW1207-22",2,1,"CCTE_Shafer_MEA_dev_AB",1475816,0,22170.3333333333,"20180801_ON PFAS G1_1 Calculations.xlsx",1,""
"20180801","MW1207-22",2,1,"CCTE_Shafer_MEA_dev_LDH",1475816,0,1.07726666666667,"20180801_ON PFAS G1_1 Calculations.xlsx",1,""
"20180801","MW1207-22",2,2,"CCTE_Shafer_MEA_dev_AB",1475816,0.03,25724.3333333333,"20180801_ON PFAS G1_1 Calculations.xlsx",1,""
"20180801","MW1207-22",2,2,"CCTE_Shafer_MEA_dev_LDH",1475816,0.03,1.29796666666667,"20180801_ON PFAS G1_1 Calculations.xlsx",1,""
"20180801","MW1207-22",2,3,"CCTE_Shafer_MEA_dev_AB",1475816,0.1,20572.3333333333,"20180801_ON PFAS G1_1 Calculations.xlsx",1,""
"20180801","MW1207-22",2,3,"CCTE_Shafer_MEA_dev_LDH",1475816,0.1,1.23606666666667,"20180801_ON PFAS G1_1 Calculations.xlsx",1,""
"20180801","MW1207-22",2,4,"CCTE_Shafer_MEA_dev_AB",1475816,0.3,21710.3333333333,"20180801_ON PFAS G1_1 Calculations.xlsx",1,""
"20180801","MW1207-22",2,4,"CCTE_Shafer_MEA_dev_LDH",1475816,0.3,1.13766666666667,"20180801_ON PFAS G1_1 Calculations.xlsx",1,""
"20180801","MW1207-22",2,5,"CCTE_Shafer_MEA_dev_AB",1475816,1,21276.3333333333,"20180801_ON PFAS G1_1 Calculations.xlsx",1,""
"20180801","MW1207-22",2,5,"CCTE_Shafer_MEA_dev_LDH",1475816,1,1.11286666666667,"20180801_ON PFAS G1_1 Calculations.xlsx",1,""
"20180801","MW1207-22",2,6,"CCTE_Shafer_MEA_dev_AB",1475816,3,22551.3333333333,"20180801_ON PFAS G1_1 Calculations.xlsx",1,""
"20180801","MW1207-22",2,6,"CCTE_Shafer_MEA_dev_LDH",1475816,3,1.10796666666667,"20180801_ON PFAS G1_1 Calculations.xlsx",1,""
"20180801","MW1207-22",2,7,"CCTE_Shafer_MEA_dev_AB",1475816,10,22694.3333333333,"20180801_ON PFAS G1_1 Calculations.xlsx",1,""
"20180801","MW1207-22",2,7,"CCTE_Shafer_MEA_dev_LDH",1475816,10,1.07716666666667,"20180801_ON PFAS G1_1 Calculations.xlsx",1,""
"20180801","MW1207-22",2,8,"CCTE_Shafer_MEA_dev_AB",1475816,30,24013.3333333333,"20180801_ON PFAS G1_1 Calculations.xlsx",1,""
"20180801","MW1207-22",2,8,"CCTE_Shafer_MEA_dev_LDH",1475816,30,1.05576666666667,"20180801_ON PFAS G1_1 Calculations.xlsx",1,""
"20180801","MW1207-22",3,1,"CCTE_Shafer_MEA_dev_AB",1475817,0,22337.3333333333,"20180801_ON PFAS G1_1 Calculations.xlsx",1,""
"20180801","MW1207-22",3,1,"CCTE_Shafer_MEA_dev_LDH",1475817,0,1.18936666666667,"20180801_ON PFAS G1_1 Calculations.xlsx",1,""
"20180801","MW1207-22",3,2,"CCTE_Shafer_MEA_dev_AB",1475817,0.03,22240.3333333333,"20180801_ON PFAS G1_1 Calculations.xlsx",1,""
"20180801","MW1207-22",3,2,"CCTE_Shafer_MEA_dev_LDH",1475817,0.03,1.09886666666667,"20180801_ON PFAS G1_1 Calculations.xlsx",1,""
"20180801","MW1207-22",3,3,"CCTE_Shafer_MEA_dev_AB",1475817,0.1,20665.3333333333,"20180801_ON PFAS G1_1 Calculations.xlsx",1,""
"20180801","MW1207-22",3,3,"CCTE_Shafer_MEA_dev_LDH",1475817,0.1,1.11356666666667,"20180801_ON PFAS G1_1 Calculations.xlsx",1,""
"20180801","MW1207-22",3,4,"CCTE_Shafer_MEA_dev_AB",1475817,0.3,21413.3333333333,"20180801_ON PFAS G1_1 Calculations.xlsx",1,""
"20180801","MW1207-22",3,4,"CCTE_Shafer_MEA_dev_LDH",1475817,0.3,1.03626666666667,"20180801_ON PFAS G1_1 Calculations.xlsx",1,""
"20180801","MW1207-22",3,5,"CCTE_Shafer_MEA_dev_AB",1475817,1,22554.3333333333,"20180801_ON PFAS G1_1 Calculations.xlsx",1,""
"20180801","MW1207-22",3,5,"CCTE_Shafer_MEA_dev_LDH",1475817,1,1.09126666666667,"20180801_ON PFAS G1_1 Calculations.xlsx",1,""
"20180801","MW1207-22",3,6,"CCTE_Shafer_MEA_dev_AB",1475817,3,22137.3333333333,"20180801_ON PFAS G1_1 Calculations.xlsx",1,""
"20180801","MW1207-22",3,6,"CCTE_Shafer_MEA_dev_LDH",1475817,3,1.08276666666667,"20180801_ON PFAS G1_1 Calculations.xlsx",1,""
"20180801","MW1207-22",3,7,"CCTE_Shafer_MEA_dev_AB",1475817,10,23803.3333333333,"20180801_ON PFAS G1_1 Calculations.xlsx",1,""
"20180801","MW1207-22",3,7,"CCTE_Shafer_MEA_dev_LDH",1475817,10,0.952566666666667,"20180801_ON PFAS G1_1 Calculations.xlsx",1,""
"20180801","MW1207-22",3,8,"CCTE_Shafer_MEA_dev_AB",1475817,30,23828.3333333333,"20180801_ON PFAS G1_1 Calculations.xlsx",1,""
"20180801","MW1207-22",3,8,"CCTE_Shafer_MEA_dev_LDH",1475817,30,0.992066666666667,"20180801_ON PFAS G1_1 Calculations.xlsx",1,""
"20180801","MW1207-22",4,1,"CCTE_Shafer_MEA_dev_AB",1475818,0,23016.3333333333,"20180801_ON PFAS G1_1 Calculations.xlsx",1,""
"20180801","MW1207-22",4,1,"CCTE_Shafer_MEA_dev_LDH",1475818,0,1.12506666666667,"20180801_ON PFAS G1_1 Calculations.xlsx",1,""
"20180801","MW1207-22",4,2,"CCTE_Shafer_MEA_dev_AB",1475818,0.03,21344.3333333333,"20180801_ON PFAS G1_1 Calculations.xlsx",1,""
"20180801","MW1207-22",4,2,"CCTE_Shafer_MEA_dev_LDH",1475818,0.03,1.27126666666667,"20180801_ON PFAS G1_1 Calculations.xlsx",1,""
"20180801","MW1207-22",4,3,"CCTE_Shafer_MEA_dev_AB",1475818,0.1,21459.3333333333,"20180801_ON PFAS G1_1 Calculations.xlsx",1,""
"20180801","MW1207-22",4,3,"CCTE_Shafer_MEA_dev_LDH",1475818,0.1,1.13546666666667,"20180801_ON PFAS G1_1 Calculations.xlsx",1,""
"20180801","MW1207-22",4,4,"CCTE_Shafer_MEA_dev_AB",1475818,0.3,22686.3333333333,"20180801_ON PFAS G1_1 Calculations.xlsx",1,""
"20180801","MW1207-22",4,4,"CCTE_Shafer_MEA_dev_LDH",1475818,0.3,1.12036666666667,"20180801_ON PFAS G1_1 Calculations.xlsx",1,""
"20180801","MW1207-22",4,5,"CCTE_Shafer_MEA_dev_AB",1475818,1,22070.3333333333,"20180801_ON PFAS G1_1 Calculations.xlsx",1,""
"20180801","MW1207-22",4,5,"CCTE_Shafer_MEA_dev_LDH",1475818,1,1.04086666666667,"20180801_ON PFAS G1_1 Calculations.xlsx",1,""
"20180801","MW1207-22",4,6,"CCTE_Shafer_MEA_dev_AB",1475818,3,28631.3333333333,"20180801_ON PFAS G1_1 Calculations.xlsx",1,""
"20180801","MW1207-22",4,6,"CCTE_Shafer_MEA_dev_LDH",1475818,3,1.43886666666667,"20180801_ON PFAS G1_1 Calculations.xlsx",1,""
"20180801","MW1207-22",4,7,"CCTE_Shafer_MEA_dev_AB",1475818,10,24759.3333333333,"20180801_ON PFAS G1_1 Calculations.xlsx",1,""
"20180801","MW1207-22",4,7,"CCTE_Shafer_MEA_dev_LDH",1475818,10,0.992566666666667,"20180801_ON PFAS G1_1 Calculations.xlsx",1,""
"20180801","MW1207-22",4,8,"CCTE_Shafer_MEA_dev_AB",1475818,30,23505.3333333333,"20180801_ON PFAS G1_1 Calculations.xlsx",1,""
"20180801","MW1207-22",4,8,"CCTE_Shafer_MEA_dev_LDH",1475818,30,0.771866666666667,"20180801_ON PFAS G1_1 Calculations.xlsx",1,""
"20180801","MW1207-22",5,1,"CCTE_Shafer_MEA_dev_AB",1475820,0,23170.3333333333,"20180801_ON PFAS G1_1 Calculations.xlsx",1,""
"20180801","MW1207-22",5,1,"CCTE_Shafer_MEA_dev_LDH",1475820,0,1.13286666666667,"20180801_ON PFAS G1_1 Calculations.xlsx",1,""
"20180801","MW1207-22",5,2,"CCTE_Shafer_MEA_dev_AB",1475820,0.03,24096.3333333333,"20180801_ON PFAS G1_1 Calculations.xlsx",1,""
"20180801","MW1207-22",5,2,"CCTE_Shafer_MEA_dev_LDH",1475820,0.03,1.16716666666667,"20180801_ON PFAS G1_1 Calculations.xlsx",1,""
"20180801","MW1207-22",5,3,"CCTE_Shafer_MEA_dev_AB",1475820,0.1,21085.3333333333,"20180801_ON PFAS G1_1 Calculations.xlsx",1,""
"20180801","MW1207-22",5,3,"CCTE_Shafer_MEA_dev_LDH",1475820,0.1,1.16986666666667,"20180801_ON PFAS G1_1 Calculations.xlsx",1,""
"20180801","MW1207-22",5,4,"CCTE_Shafer_MEA_dev_AB",1475820,0.3,21391.3333333333,"20180801_ON PFAS G1_1 Calculations.xlsx",1,""
"20180801","MW1207-22",5,4,"CCTE_Shafer_MEA_dev_LDH",1475820,0.3,1.13956666666667,"20180801_ON PFAS G1_1 Calculations.xlsx",1,""
"20180801","MW1207-22",5,5,"CCTE_Shafer_MEA_dev_AB",1475820,1,22837.3333333333,"20180801_ON PFAS G1_1 Calculations.xlsx",1,""
"20180801","MW1207-22",5,5,"CCTE_Shafer_MEA_dev_LDH",1475820,1,1.09796666666667,"20180801_ON PFAS G1_1 Calculations.xlsx",1,""
"20180801","MW1207-22",5,6,"CCTE_Shafer_MEA_dev_AB",1475820,3,24312.3333333333,"20180801_ON PFAS G1_1 Calculations.xlsx",1,""
"20180801","MW1207-22",5,6,"CCTE_Shafer_MEA_dev_LDH",1475820,3,1.05376666666667,"20180801_ON PFAS G1_1 Calculations.xlsx",1,""
"20180801","MW1207-22",5,7,"CCTE_Shafer_MEA_dev_AB",1475820,10,23541.3333333333,"20180801_ON PFAS G1_1 Calculations.xlsx",1,""
"20180801","MW1207-22",5,7,"CCTE_Shafer_MEA_dev_LDH",1475820,10,1.01666666666667,"20180801_ON PFAS G1_1 Calculations.xlsx",1,""
"20180801","MW1207-22",5,8,"CCTE_Shafer_MEA_dev_AB",1475820,30,23907.3333333333,"20180801_ON PFAS G1_1 Calculations.xlsx",1,""
"20180801","MW1207-22",5,8,"CCTE_Shafer_MEA_dev_LDH",1475820,30,1.15156666666667,"20180801_ON PFAS G1_1 Calculations.xlsx",1,""
"20180801","MW1207-22",6,1,"CCTE_Shafer_MEA_dev_AB",1475823,0,23311.3333333333,"20180801_ON PFAS G1_1 Calculations.xlsx",1,""
"20180801","MW1207-22",6,1,"CCTE_Shafer_MEA_dev_LDH",1475823,0,1.11916666666667,"20180801_ON PFAS G1_1 Calculations.xlsx",1,""
"20180801","MW1207-22",6,2,"CCTE_Shafer_MEA_dev_AB",1475823,0.03,25731.3333333333,"20180801_ON PFAS G1_1 Calculations.xlsx",1,""
"20180801","MW1207-22",6,2,"CCTE_Shafer_MEA_dev_LDH",1475823,0.03,1.25946666666667,"20180801_ON PFAS G1_1 Calculations.xlsx",1,""
"20180801","MW1207-22",6,3,"CCTE_Shafer_MEA_dev_AB",1475823,0.1,21933.3333333333,"20180801_ON PFAS G1_1 Calculations.xlsx",1,""
"20180801","MW1207-22",6,3,"CCTE_Shafer_MEA_dev_LDH",1475823,0.1,1.14366666666667,"20180801_ON PFAS G1_1 Calculations.xlsx",1,""
"20180801","MW1207-22",6,4,"CCTE_Shafer_MEA_dev_AB",1475823,0.3,22923.3333333333,"20180801_ON PFAS G1_1 Calculations.xlsx",1,""
"20180801","MW1207-22",6,4,"CCTE_Shafer_MEA_dev_LDH",1475823,0.3,1.17996666666667,"20180801_ON PFAS G1_1 Calculations.xlsx",1,""
"20180801","MW1207-22",6,5,"CCTE_Shafer_MEA_dev_AB",1475823,1,23264.3333333333,"20180801_ON PFAS G1_1 Calculations.xlsx",1,""
"20180801","MW1207-22",6,5,"CCTE_Shafer_MEA_dev_LDH",1475823,1,1.20106666666667,"20180801_ON PFAS G1_1 Calculations.xlsx",1,""
"20180801","MW1207-22",6,6,"CCTE_Shafer_MEA_dev_AB",1475823,3,24612.3333333333,"20180801_ON PFAS G1_1 Calculations.xlsx",1,""
"20180801","MW1207-22",6,6,"CCTE_Shafer_MEA_dev_LDH",1475823,3,1.11096666666667,"20180801_ON PFAS G1_1 Calculations.xlsx",1,""
"20180801","MW1207-22",6,7,"CCTE_Shafer_MEA_dev_AB",1475823,10,24326.3333333333,"20180801_ON PFAS G1_1 Calculations.xlsx",1,""
"20180801","MW1207-22",6,7,"CCTE_Shafer_MEA_dev_LDH",1475823,10,1.07706666666667,"20180801_ON PFAS G1_1 Calculations.xlsx",1,""
"20180801","MW1207-22",6,8,"CCTE_Shafer_MEA_dev_AB",1475823,30,22002.3333333333,"20180801_ON PFAS G1_1 Calculations.xlsx",1,""
"20180801","MW1207-22",6,8,"CCTE_Shafer_MEA_dev_LDH",1475823,30,1.01966666666667,"20180801_ON PFAS G1_1 Calculations.xlsx",1,""
"20180801","MW1207-23",1,1,"CCTE_Shafer_MEA_dev_AB",1475812,0.03,25658,"20180801_ON PFAS G1_1 Calculations.xlsx",1,""
"20180801","MW1207-23",1,1,"CCTE_Shafer_MEA_dev_LDH",1475812,0.03,0.8538,"20180801_ON PFAS G1_1 Calculations.xlsx",1,""
"20180801","MW1207-23",1,2,"CCTE_Shafer_MEA_dev_AB",1475812,0,25959,"20180801_ON PFAS G1_1 Calculations.xlsx",1,""
"20180801","MW1207-23",1,2,"CCTE_Shafer_MEA_dev_LDH",1475812,0,0.9752,"20180801_ON PFAS G1_1 Calculations.xlsx",1,""
"20180801","MW1207-23",1,3,"CCTE_Shafer_MEA_dev_AB",1475812,0.1,21823,"20180801_ON PFAS G1_1 Calculations.xlsx",1,""
"20180801","MW1207-23",1,3,"CCTE_Shafer_MEA_dev_LDH",1475812,0.1,0.7665,"20180801_ON PFAS G1_1 Calculations.xlsx",1,""
"20180801","MW1207-23",1,4,"CCTE_Shafer_MEA_dev_AB",1475812,0.3,22411,"20180801_ON PFAS G1_1 Calculations.xlsx",1,""
"20180801","MW1207-23",1,4,"CCTE_Shafer_MEA_dev_LDH",1475812,0.3,0.8082,"20180801_ON PFAS G1_1 Calculations.xlsx",1,""
"20180801","MW1207-23",1,5,"CCTE_Shafer_MEA_dev_AB",1475812,1,21275,"20180801_ON PFAS G1_1 Calculations.xlsx",1,""
"20180801","MW1207-23",1,5,"CCTE_Shafer_MEA_dev_LDH",1475812,1,0.8359,"20180801_ON PFAS G1_1 Calculations.xlsx",1,""
"20180801","MW1207-23",1,6,"CCTE_Shafer_MEA_dev_AB",1475812,3,24939,"20180801_ON PFAS G1_1 Calculations.xlsx",1,""
"20180801","MW1207-23",1,6,"CCTE_Shafer_MEA_dev_LDH",1475812,3,1.1804,"20180801_ON PFAS G1_1 Calculations.xlsx",1,""
"20180801","MW1207-23",1,7,"CCTE_Shafer_MEA_dev_AB",1475812,10,21709,"20180801_ON PFAS G1_1 Calculations.xlsx",1,""
"20180801","MW1207-23",1,7,"CCTE_Shafer_MEA_dev_LDH",1475812,10,0.8064,"20180801_ON PFAS G1_1 Calculations.xlsx",1,""
"20180801","MW1207-23",1,8,"CCTE_Shafer_MEA_dev_AB",1475812,30,29508,"20180801_ON PFAS G1_1 Calculations.xlsx",1,""
"20180801","MW1207-23",1,8,"CCTE_Shafer_MEA_dev_LDH",1475812,30,0.7998,"20180801_ON PFAS G1_1 Calculations.xlsx",1,""
"20180801","MW1207-23",2,1,"CCTE_Shafer_MEA_dev_AB",1475816,0.03,20248,"20180801_ON PFAS G1_1 Calculations.xlsx",1,""
"20180801","MW1207-23",2,1,"CCTE_Shafer_MEA_dev_LDH",1475816,0.03,0.8401,"20180801_ON PFAS G1_1 Calculations.xlsx",1,""
"20180801","MW1207-23",2,2,"CCTE_Shafer_MEA_dev_AB",1475816,0,25303,"20180801_ON PFAS G1_1 Calculations.xlsx",1,""
"20180801","MW1207-23",2,2,"CCTE_Shafer_MEA_dev_LDH",1475816,0,0.8703,"20180801_ON PFAS G1_1 Calculations.xlsx",1,""
"20180801","MW1207-23",2,3,"CCTE_Shafer_MEA_dev_AB",1475816,0.1,26839,"20180801_ON PFAS G1_1 Calculations.xlsx",1,""
"20180801","MW1207-23",2,3,"CCTE_Shafer_MEA_dev_LDH",1475816,0.1,1.172,"20180801_ON PFAS G1_1 Calculations.xlsx",1,""
"20180801","MW1207-23",2,4,"CCTE_Shafer_MEA_dev_AB",1475816,0.3,30013,"20180801_ON PFAS G1_1 Calculations.xlsx",1,""
"20180801","MW1207-23",2,4,"CCTE_Shafer_MEA_dev_LDH",1475816,0.3,1.2862,"20180801_ON PFAS G1_1 Calculations.xlsx",1,""
"20180801","MW1207-23",2,5,"CCTE_Shafer_MEA_dev_AB",1475816,1,21051,"20180801_ON PFAS G1_1 Calculations.xlsx",1,""
"20180801","MW1207-23",2,5,"CCTE_Shafer_MEA_dev_LDH",1475816,1,0.8326,"20180801_ON PFAS G1_1 Calculations.xlsx",1,""
"20180801","MW1207-23",2,6,"CCTE_Shafer_MEA_dev_AB",1475816,3,21629,"20180801_ON PFAS G1_1 Calculations.xlsx",1,""
"20180801","MW1207-23",2,6,"CCTE_Shafer_MEA_dev_LDH",1475816,3,0.839,"20180801_ON PFAS G1_1 Calculations.xlsx",1,""
"20180801","MW1207-23",2,7,"CCTE_Shafer_MEA_dev_AB",1475816,10,23542,"20180801_ON PFAS G1_1 Calculations.xlsx",1,""
"20180801","MW1207-23",2,7,"CCTE_Shafer_MEA_dev_LDH",1475816,10,0.7239,"20180801_ON PFAS G1_1 Calculations.xlsx",1,""
"20180801","MW1207-23",2,8,"CCTE_Shafer_MEA_dev_AB",1475816,30,24989,"20180801_ON PFAS G1_1 Calculations.xlsx",1,""
"20180801","MW1207-23",2,8,"CCTE_Shafer_MEA_dev_LDH",1475816,30,0.7725,"20180801_ON PFAS G1_1 Calculations.xlsx",1,""
"20180801","MW1207-23",3,1,"CCTE_Shafer_MEA_dev_AB",1475817,0.03,35968,"20180801_ON PFAS G1_1 Calculations.xlsx",1,""
"20180801","MW1207-23",3,1,"CCTE_Shafer_MEA_dev_LDH",1475817,0.03,1.3681,"20180801_ON PFAS G1_1 Calculations.xlsx",1,""
"20180801","MW1207-23",3,2,"CCTE_Shafer_MEA_dev_AB",1475817,0,29371,"20180801_ON PFAS G1_1 Calculations.xlsx",1,""
"20180801","MW1207-23",3,2,"CCTE_Shafer_MEA_dev_LDH",1475817,0,0.8956,"20180801_ON PFAS G1_1 Calculations.xlsx",1,""
"20180801","MW1207-23",3,3,"CCTE_Shafer_MEA_dev_AB",1475817,0.1,19609,"20180801_ON PFAS G1_1 Calculations.xlsx",1,""
"20180801","MW1207-23",3,3,"CCTE_Shafer_MEA_dev_LDH",1475817,0.1,0.6671,"20180801_ON PFAS G1_1 Calculations.xlsx",1,""
"20180801","MW1207-23",3,4,"CCTE_Shafer_MEA_dev_AB",1475817,0.3,23459,"20180801_ON PFAS G1_1 Calculations.xlsx",1,""
"20180801","MW1207-23",3,4,"CCTE_Shafer_MEA_dev_LDH",1475817,0.3,0.7252,"20180801_ON PFAS G1_1 Calculations.xlsx",1,""
"20180801","MW1207-23",3,5,"CCTE_Shafer_MEA_dev_AB",1475817,1,21658,"20180801_ON PFAS G1_1 Calculations.xlsx",1,""
"20180801","MW1207-23",3,5,"CCTE_Shafer_MEA_dev_LDH",1475817,1,0.6801,"20180801_ON PFAS G1_1 Calculations.xlsx",1,""
"20180801","MW1207-23",3,6,"CCTE_Shafer_MEA_dev_AB",1475817,3,23547,"20180801_ON PFAS G1_1 Calculations.xlsx",1,""
"20180801","MW1207-23",3,6,"CCTE_Shafer_MEA_dev_LDH",1475817,3,0.7484,"20180801_ON PFAS G1_1 Calculations.xlsx",1,""
"20180801","MW1207-23",3,7,"CCTE_Shafer_MEA_dev_AB",1475817,10,22386,"20180801_ON PFAS G1_1 Calculations.xlsx",1,""
"20180801","MW1207-23",3,7,"CCTE_Shafer_MEA_dev_LDH",1475817,10,0.6741,"20180801_ON PFAS G1_1 Calculations.xlsx",1,""
"20180801","MW1207-23",3,8,"CCTE_Shafer_MEA_dev_AB",1475817,30,23834,"20180801_ON PFAS G1_1 Calculations.xlsx",1,""
"20180801","MW1207-23",3,8,"CCTE_Shafer_MEA_dev_LDH",1475817,30,0.7179,"20180801_ON PFAS G1_1 Calculations.xlsx",1,""
"20180801","MW1207-23",4,1,"CCTE_Shafer_MEA_dev_AB",1475818,0.03,23945,"20180801_ON PFAS G1_1 Calculations.xlsx",1,""
"20180801","MW1207-23",4,1,"CCTE_Shafer_MEA_dev_LDH",1475818,0.03,0.7861,"20180801_ON PFAS G1_1 Calculations.xlsx",1,""
"20180801","MW1207-23",4,2,"CCTE_Shafer_MEA_dev_AB",1475818,0,26020,"20180801_ON PFAS G1_1 Calculations.xlsx",1,""
"20180801","MW1207-23",4,2,"CCTE_Shafer_MEA_dev_LDH",1475818,0,0.8002,"20180801_ON PFAS G1_1 Calculations.xlsx",1,""
"20180801","MW1207-23",4,3,"CCTE_Shafer_MEA_dev_AB",1475818,0.1,22373,"20180801_ON PFAS G1_1 Calculations.xlsx",1,""
"20180801","MW1207-23",4,3,"CCTE_Shafer_MEA_dev_LDH",1475818,0.1,0.7582,"20180801_ON PFAS G1_1 Calculations.xlsx",1,""
"20180801","MW1207-23",4,4,"CCTE_Shafer_MEA_dev_AB",1475818,0.3,23527,"20180801_ON PFAS G1_1 Calculations.xlsx",1,""
"20180801","MW1207-23",4,4,"CCTE_Shafer_MEA_dev_LDH",1475818,0.3,0.7583,"20180801_ON PFAS G1_1 Calculations.xlsx",1,""
"20180801","MW1207-23",4,5,"CCTE_Shafer_MEA_dev_AB",1475818,1,20586,"20180801_ON PFAS G1_1 Calculations.xlsx",1,""
"20180801","MW1207-23",4,5,"CCTE_Shafer_MEA_dev_LDH",1475818,1,0.7452,"20180801_ON PFAS G1_1 Calculations.xlsx",1,""
"20180801","MW1207-23",4,6,"CCTE_Shafer_MEA_dev_AB",1475818,3,27064,"20180801_ON PFAS G1_1 Calculations.xlsx",1,""
"20180801","MW1207-23",4,6,"CCTE_Shafer_MEA_dev_LDH",1475818,3,0.7797,"20180801_ON PFAS G1_1 Calculations.xlsx",1,""
"20180801","MW1207-23",4,7,"CCTE_Shafer_MEA_dev_AB",1475818,10,24177,"20180801_ON PFAS G1_1 Calculations.xlsx",1,""
"20180801","MW1207-23",4,7,"CCTE_Shafer_MEA_dev_LDH",1475818,10,0.838,"20180801_ON PFAS G1_1 Calculations.xlsx",1,""
"20180801","MW1207-23",4,8,"CCTE_Shafer_MEA_dev_AB",1475818,30,21829,"20180801_ON PFAS G1_1 Calculations.xlsx",1,""
"20180801","MW1207-23",4,8,"CCTE_Shafer_MEA_dev_LDH",1475818,30,0.6271,"20180801_ON PFAS G1_1 Calculations.xlsx",1,""
"20180801","MW1207-23",5,1,"CCTE_Shafer_MEA_dev_AB",1475820,0.03,21799,"20180801_ON PFAS G1_1 Calculations.xlsx",1,""
"20180801","MW1207-23",5,1,"CCTE_Shafer_MEA_dev_LDH",1475820,0.03,0.7602,"20180801_ON PFAS G1_1 Calculations.xlsx",1,""
"20180801","MW1207-23",5,2,"CCTE_Shafer_MEA_dev_AB",1475820,0,21201,"20180801_ON PFAS G1_1 Calculations.xlsx",1,""
"20180801","MW1207-23",5,2,"CCTE_Shafer_MEA_dev_LDH",1475820,0,0.7576,"20180801_ON PFAS G1_1 Calculations.xlsx",1,""
"20180801","MW1207-23",5,3,"CCTE_Shafer_MEA_dev_AB",1475820,0.1,21257,"20180801_ON PFAS G1_1 Calculations.xlsx",1,""
"20180801","MW1207-23",5,3,"CCTE_Shafer_MEA_dev_LDH",1475820,0.1,0.7967,"20180801_ON PFAS G1_1 Calculations.xlsx",1,""
"20180801","MW1207-23",5,4,"CCTE_Shafer_MEA_dev_AB",1475820,0.3,13085,"20180801_ON PFAS G1_1 Calculations.xlsx",1,""
"20180801","MW1207-23",5,4,"CCTE_Shafer_MEA_dev_LDH",1475820,0.3,0.7427,"20180801_ON PFAS G1_1 Calculations.xlsx",1,""
"20180801","MW1207-23",5,5,"CCTE_Shafer_MEA_dev_AB",1475820,1,21124,"20180801_ON PFAS G1_1 Calculations.xlsx",1,""
"20180801","MW1207-23",5,5,"CCTE_Shafer_MEA_dev_LDH",1475820,1,0.661,"20180801_ON PFAS G1_1 Calculations.xlsx",1,""
"20180801","MW1207-23",5,6,"CCTE_Shafer_MEA_dev_AB",1475820,3,20302,"20180801_ON PFAS G1_1 Calculations.xlsx",1,""
"20180801","MW1207-23",5,6,"CCTE_Shafer_MEA_dev_LDH",1475820,3,0.8183,"20180801_ON PFAS G1_1 Calculations.xlsx",1,""
"20180801","MW1207-23",5,7,"CCTE_Shafer_MEA_dev_AB",1475820,10,20445,"20180801_ON PFAS G1_1 Calculations.xlsx",1,""
"20180801","MW1207-23",5,7,"CCTE_Shafer_MEA_dev_LDH",1475820,10,0.6699,"20180801_ON PFAS G1_1 Calculations.xlsx",1,""
"20180801","MW1207-23",5,8,"CCTE_Shafer_MEA_dev_AB",1475820,30,21481,"20180801_ON PFAS G1_1 Calculations.xlsx",1,""
"20180801","MW1207-23",5,8,"CCTE_Shafer_MEA_dev_LDH",1475820,30,0.7536,"20180801_ON PFAS G1_1 Calculations.xlsx",1,""
"20180801","MW1207-23",6,1,"CCTE_Shafer_MEA_dev_AB",1475823,0.03,20282,"20180801_ON PFAS G1_1 Calculations.xlsx",1,""
"20180801","MW1207-23",6,1,"CCTE_Shafer_MEA_dev_LDH",1475823,0.03,0.8184,"20180801_ON PFAS G1_1 Calculations.xlsx",1,""
"20180801","MW1207-23",6,2,"CCTE_Shafer_MEA_dev_AB",1475823,0,29431,"20180801_ON PFAS G1_1 Calculations.xlsx",1,""
"20180801","MW1207-23",6,2,"CCTE_Shafer_MEA_dev_LDH",1475823,0,1.1336,"20180801_ON PFAS G1_1 Calculations.xlsx",1,""
"20180801","MW1207-23",6,3,"CCTE_Shafer_MEA_dev_AB",1475823,0.1,23471,"20180801_ON PFAS G1_1 Calculations.xlsx",1,""
"20180801","MW1207-23",6,3,"CCTE_Shafer_MEA_dev_LDH",1475823,0.1,0.8892,"20180801_ON PFAS G1_1 Calculations.xlsx",1,""
"20180801","MW1207-23",6,4,"CCTE_Shafer_MEA_dev_AB",1475823,0.3,17484,"20180801_ON PFAS G1_1 Calculations.xlsx",1,""
"20180801","MW1207-23",6,4,"CCTE_Shafer_MEA_dev_LDH",1475823,0.3,0.8819,"20180801_ON PFAS G1_1 Calculations.xlsx",1,""
"20180801","MW1207-23",6,5,"CCTE_Shafer_MEA_dev_AB",1475823,1,18427,"20180801_ON PFAS G1_1 Calculations.xlsx",1,""
"20180801","MW1207-23",6,5,"CCTE_Shafer_MEA_dev_LDH",1475823,1,0.8118,"20180801_ON PFAS G1_1 Calculations.xlsx",1,""
"20180801","MW1207-23",6,6,"CCTE_Shafer_MEA_dev_AB",1475823,3,18900,"20180801_ON PFAS G1_1 Calculations.xlsx",1,""
"20180801","MW1207-23",6,6,"CCTE_Shafer_MEA_dev_LDH",1475823,3,0.9398,"20180801_ON PFAS G1_1 Calculations.xlsx",1,""
"20180801","MW1207-23",6,7,"CCTE_Shafer_MEA_dev_AB",1475823,10,26487,"20180801_ON PFAS G1_1 Calculations.xlsx",1,""
"20180801","MW1207-23",6,7,"CCTE_Shafer_MEA_dev_LDH",1475823,10,0.8634,"20180801_ON PFAS G1_1 Calculations.xlsx",1,""
"20180801","MW1207-23",6,8,"CCTE_Shafer_MEA_dev_AB",1475823,30,26116,"20180801_ON PFAS G1_1 Calculations.xlsx",1,""
"20180801","MW1207-23",6,8,"CCTE_Shafer_MEA_dev_LDH",1475823,30,0.7869,"20180801_ON PFAS G1_1 Calculations.xlsx",1,""
"20180815","MW1207-24",1,1,"CCTE_Shafer_MEA_dev_AB",1475827,0.03,17394.3333333333,"20180815_ON PFAS G2-1_1 Calculations.xlsx",1,""
"20180815","MW1207-24",1,1,"CCTE_Shafer_MEA_dev_LDH",1475827,0.03,0.939133333333333,"20180815_ON PFAS G2-1_1 Calculations.xlsx",1,""
"20180815","MW1207-24",1,2,"CCTE_Shafer_MEA_dev_AB",1475827,0,19131.3333333333,"20180815_ON PFAS G2-1_1 Calculations.xlsx",1,""
"20180815","MW1207-24",1,2,"CCTE_Shafer_MEA_dev_LDH",1475827,0,0.918133333333333,"20180815_ON PFAS G2-1_1 Calculations.xlsx",1,""
"20180815","MW1207-24",1,3,"CCTE_Shafer_MEA_dev_AB",1475827,0.1,18063.3333333333,"20180815_ON PFAS G2-1_1 Calculations.xlsx",1,""
"20180815","MW1207-24",1,3,"CCTE_Shafer_MEA_dev_LDH",1475827,0.1,0.970933333333333,"20180815_ON PFAS G2-1_1 Calculations.xlsx",1,""
"20180815","MW1207-24",1,4,"CCTE_Shafer_MEA_dev_AB",1475827,0.3,21121.3333333333,"20180815_ON PFAS G2-1_1 Calculations.xlsx",1,""
"20180815","MW1207-24",1,4,"CCTE_Shafer_MEA_dev_LDH",1475827,0.3,0.918433333333333,"20180815_ON PFAS G2-1_1 Calculations.xlsx",1,""
"20180815","MW1207-24",1,5,"CCTE_Shafer_MEA_dev_AB",1475827,1,27554.3333333333,"20180815_ON PFAS G2-1_1 Calculations.xlsx",1,""
"20180815","MW1207-24",1,5,"CCTE_Shafer_MEA_dev_LDH",1475827,1,0.956033333333333,"20180815_ON PFAS G2-1_1 Calculations.xlsx",1,""
"20180815","MW1207-24",1,6,"CCTE_Shafer_MEA_dev_AB",1475827,3,21360.3333333333,"20180815_ON PFAS G2-1_1 Calculations.xlsx",1,""
"20180815","MW1207-24",1,6,"CCTE_Shafer_MEA_dev_LDH",1475827,3,0.969033333333333,"20180815_ON PFAS G2-1_1 Calculations.xlsx",1,""
"20180815","MW1207-24",1,7,"CCTE_Shafer_MEA_dev_AB",1475827,10,20134.3333333333,"20180815_ON PFAS G2-1_1 Calculations.xlsx",1,""
"20180815","MW1207-24",1,7,"CCTE_Shafer_MEA_dev_LDH",1475827,10,0.913933333333333,"20180815_ON PFAS G2-1_1 Calculations.xlsx",1,""
"20180815","MW1207-24",1,8,"CCTE_Shafer_MEA_dev_AB",1475827,30,21446.3333333333,"20180815_ON PFAS G2-1_1 Calculations.xlsx",1,""
"20180815","MW1207-24",1,8,"CCTE_Shafer_MEA_dev_LDH",1475827,30,0.955133333333333,"20180815_ON PFAS G2-1_1 Calculations.xlsx",1,""
"20180815","MW1207-24",2,1,"CCTE_Shafer_MEA_dev_AB",1475829,0.03,17999.3333333333,"20180815_ON PFAS G2-1_1 Calculations.xlsx",1,""
"20180815","MW1207-24",2,1,"CCTE_Shafer_MEA_dev_LDH",1475829,0.03,0.752033333333333,"20180815_ON PFAS G2-1_1 Calculations.xlsx",1,""
"20180815","MW1207-24",2,2,"CCTE_Shafer_MEA_dev_AB",1475829,0,21341.3333333333,"20180815_ON PFAS G2-1_1 Calculations.xlsx",1,""
"20180815","MW1207-24",2,2,"CCTE_Shafer_MEA_dev_LDH",1475829,0,0.891333333333333,"20180815_ON PFAS G2-1_1 Calculations.xlsx",1,""
"20180815","MW1207-24",2,3,"CCTE_Shafer_MEA_dev_AB",1475829,0.1,16390.3333333333,"20180815_ON PFAS G2-1_1 Calculations.xlsx",1,""
"20180815","MW1207-24",2,3,"CCTE_Shafer_MEA_dev_LDH",1475829,0.1,0.896933333333333,"20180815_ON PFAS G2-1_1 Calculations.xlsx",1,""
"20180815","MW1207-24",2,4,"CCTE_Shafer_MEA_dev_AB",1475829,0.3,16263.3333333333,"20180815_ON PFAS G2-1_1 Calculations.xlsx",1,""
"20180815","MW1207-24",2,4,"CCTE_Shafer_MEA_dev_LDH",1475829,0.3,0.965433333333333,"20180815_ON PFAS G2-1_1 Calculations.xlsx",1,""
"20180815","MW1207-24",2,5,"CCTE_Shafer_MEA_dev_AB",1475829,1,17732.3333333333,"20180815_ON PFAS G2-1_1 Calculations.xlsx",1,""
"20180815","MW1207-24",2,5,"CCTE_Shafer_MEA_dev_LDH",1475829,1,0.840133333333333,"20180815_ON PFAS G2-1_1 Calculations.xlsx",1,""
"20180815","MW1207-24",2,6,"CCTE_Shafer_MEA_dev_AB",1475829,3,17671.3333333333,"20180815_ON PFAS G2-1_1 Calculations.xlsx",1,""
"20180815","MW1207-24",2,6,"CCTE_Shafer_MEA_dev_LDH",1475829,3,0.953733333333333,"20180815_ON PFAS G2-1_1 Calculations.xlsx",1,""
"20180815","MW1207-24",2,7,"CCTE_Shafer_MEA_dev_AB",1475829,10,17478.3333333333,"20180815_ON PFAS G2-1_1 Calculations.xlsx",1,""
"20180815","MW1207-24",2,7,"CCTE_Shafer_MEA_dev_LDH",1475829,10,0.862733333333333,"20180815_ON PFAS G2-1_1 Calculations.xlsx",1,""
"20180815","MW1207-24",2,8,"CCTE_Shafer_MEA_dev_AB",1475829,30,20804.3333333333,"20180815_ON PFAS G2-1_1 Calculations.xlsx",1,""
"20180815","MW1207-24",2,8,"CCTE_Shafer_MEA_dev_LDH",1475829,30,0.914833333333333,"20180815_ON PFAS G2-1_1 Calculations.xlsx",1,""
"20180815","MW1207-24",3,1,"CCTE_Shafer_MEA_dev_AB",1475830,0.03,15588.3333333333,"20180815_ON PFAS G2-1_1 Calculations.xlsx",1,""
"20180815","MW1207-24",3,1,"CCTE_Shafer_MEA_dev_LDH",1475830,0.03,0.681233333333333,"20180815_ON PFAS G2-1_1 Calculations.xlsx",1,""
"20180815","MW1207-24",3,2,"CCTE_Shafer_MEA_dev_AB",1475830,0,16946.3333333333,"20180815_ON PFAS G2-1_1 Calculations.xlsx",1,""
"20180815","MW1207-24",3,2,"CCTE_Shafer_MEA_dev_LDH",1475830,0,0.799733333333333,"20180815_ON PFAS G2-1_1 Calculations.xlsx",1,""
"20180815","MW1207-24",3,3,"CCTE_Shafer_MEA_dev_AB",1475830,0.1,16288.3333333333,"20180815_ON PFAS G2-1_1 Calculations.xlsx",1,""
"20180815","MW1207-24",3,3,"CCTE_Shafer_MEA_dev_LDH",1475830,0.1,0.854233333333333,"20180815_ON PFAS G2-1_1 Calculations.xlsx",1,""
"20180815","MW1207-24",3,4,"CCTE_Shafer_MEA_dev_AB",1475830,0.3,19445.3333333333,"20180815_ON PFAS G2-1_1 Calculations.xlsx",1,""
"20180815","MW1207-24",3,4,"CCTE_Shafer_MEA_dev_LDH",1475830,0.3,0.858733333333333,"20180815_ON PFAS G2-1_1 Calculations.xlsx",1,""
"20180815","MW1207-24",3,5,"CCTE_Shafer_MEA_dev_AB",1475830,1,17625.3333333333,"20180815_ON PFAS G2-1_1 Calculations.xlsx",1,""
"20180815","MW1207-24",3,5,"CCTE_Shafer_MEA_dev_LDH",1475830,1,0.792033333333333,"20180815_ON PFAS G2-1_1 Calculations.xlsx",1,""
"20180815","MW1207-24",3,6,"CCTE_Shafer_MEA_dev_AB",1475830,3,17951.3333333333,"20180815_ON PFAS G2-1_1 Calculations.xlsx",1,""
"20180815","MW1207-24",3,6,"CCTE_Shafer_MEA_dev_LDH",1475830,3,0.859533333333333,"20180815_ON PFAS G2-1_1 Calculations.xlsx",1,""
"20180815","MW1207-24",3,7,"CCTE_Shafer_MEA_dev_AB",1475830,10,18144.3333333333,"20180815_ON PFAS G2-1_1 Calculations.xlsx",1,""
"20180815","MW1207-24",3,7,"CCTE_Shafer_MEA_dev_LDH",1475830,10,0.889833333333333,"20180815_ON PFAS G2-1_1 Calculations.xlsx",1,""
"20180815","MW1207-24",3,8,"CCTE_Shafer_MEA_dev_AB",1475830,30,18432.3333333333,"20180815_ON PFAS G2-1_1 Calculations.xlsx",1,""
"20180815","MW1207-24",3,8,"CCTE_Shafer_MEA_dev_LDH",1475830,30,0.897333333333333,"20180815_ON PFAS G2-1_1 Calculations.xlsx",1,""
"20180815","MW1207-24",4,1,"CCTE_Shafer_MEA_dev_AB",1475831,0.03,17293.3333333333,"20180815_ON PFAS G2-1_1 Calculations.xlsx",1,""
"20180815","MW1207-24",4,1,"CCTE_Shafer_MEA_dev_LDH",1475831,0.03,0.847333333333333,"20180815_ON PFAS G2-1_1 Calculations.xlsx",1,""
"20180815","MW1207-24",4,2,"CCTE_Shafer_MEA_dev_AB",1475831,0,15133.3333333333,"20180815_ON PFAS G2-1_1 Calculations.xlsx",1,""
"20180815","MW1207-24",4,2,"CCTE_Shafer_MEA_dev_LDH",1475831,0,0.845633333333333,"20180815_ON PFAS G2-1_1 Calculations.xlsx",1,""
"20180815","MW1207-24",4,3,"CCTE_Shafer_MEA_dev_AB",1475831,0.1,15987.3333333333,"20180815_ON PFAS G2-1_1 Calculations.xlsx",1,""
"20180815","MW1207-24",4,3,"CCTE_Shafer_MEA_dev_LDH",1475831,0.1,0.975833333333333,"20180815_ON PFAS G2-1_1 Calculations.xlsx",1,""
"20180815","MW1207-24",4,4,"CCTE_Shafer_MEA_dev_AB",1475831,0.3,17004.3333333333,"20180815_ON PFAS G2-1_1 Calculations.xlsx",1,""
"20180815","MW1207-24",4,4,"CCTE_Shafer_MEA_dev_LDH",1475831,0.3,0.937333333333333,"20180815_ON PFAS G2-1_1 Calculations.xlsx",1,""
"20180815","MW1207-24",4,5,"CCTE_Shafer_MEA_dev_AB",1475831,1,18754.3333333333,"20180815_ON PFAS G2-1_1 Calculations.xlsx",1,""
"20180815","MW1207-24",4,5,"CCTE_Shafer_MEA_dev_LDH",1475831,1,0.960133333333333,"20180815_ON PFAS G2-1_1 Calculations.xlsx",1,""
"20180815","MW1207-24",4,6,"CCTE_Shafer_MEA_dev_AB",1475831,3,18656.3333333333,"20180815_ON PFAS G2-1_1 Calculations.xlsx",1,""
"20180815","MW1207-24",4,6,"CCTE_Shafer_MEA_dev_LDH",1475831,3,0.945533333333333,"20180815_ON PFAS G2-1_1 Calculations.xlsx",1,""
"20180815","MW1207-24",4,7,"CCTE_Shafer_MEA_dev_AB",1475831,10,19474.3333333333,"20180815_ON PFAS G2-1_1 Calculations.xlsx",1,""
"20180815","MW1207-24",4,7,"CCTE_Shafer_MEA_dev_LDH",1475831,10,0.900633333333333,"20180815_ON PFAS G2-1_1 Calculations.xlsx",1,""
"20180815","MW1207-24",4,8,"CCTE_Shafer_MEA_dev_AB",1475831,30,19720.3333333333,"20180815_ON PFAS G2-1_1 Calculations.xlsx",1,""
"20180815","MW1207-24",4,8,"CCTE_Shafer_MEA_dev_LDH",1475831,30,0.827333333333333,"20180815_ON PFAS G2-1_1 Calculations.xlsx",1,""
"20180815","MW1207-24",5,1,"CCTE_Shafer_MEA_dev_AB",1475833,0.03,19871.3333333333,"20180815_ON PFAS G2-1_1 Calculations.xlsx",1,""
"20180815","MW1207-24",5,1,"CCTE_Shafer_MEA_dev_LDH",1475833,0.03,0.877733333333333,"20180815_ON PFAS G2-1_1 Calculations.xlsx",1,""
"20180815","MW1207-24",5,2,"CCTE_Shafer_MEA_dev_AB",1475833,0,18522.3333333333,"20180815_ON PFAS G2-1_1 Calculations.xlsx",1,""
"20180815","MW1207-24",5,2,"CCTE_Shafer_MEA_dev_LDH",1475833,0,0.804533333333333,"20180815_ON PFAS G2-1_1 Calculations.xlsx",1,""
"20180815","MW1207-24",5,3,"CCTE_Shafer_MEA_dev_AB",1475833,0.1,16602.3333333333,"20180815_ON PFAS G2-1_1 Calculations.xlsx",1,""
"20180815","MW1207-24",5,3,"CCTE_Shafer_MEA_dev_LDH",1475833,0.1,0.764533333333333,"20180815_ON PFAS G2-1_1 Calculations.xlsx",1,""
"20180815","MW1207-24",5,4,"CCTE_Shafer_MEA_dev_AB",1475833,0.3,18151.3333333333,"20180815_ON PFAS G2-1_1 Calculations.xlsx",1,""
"20180815","MW1207-24",5,4,"CCTE_Shafer_MEA_dev_LDH",1475833,0.3,0.832433333333333,"20180815_ON PFAS G2-1_1 Calculations.xlsx",1,""
"20180815","MW1207-24",5,5,"CCTE_Shafer_MEA_dev_AB",1475833,1,18619.3333333333,"20180815_ON PFAS G2-1_1 Calculations.xlsx",1,""
"20180815","MW1207-24",5,5,"CCTE_Shafer_MEA_dev_LDH",1475833,1,0.818233333333333,"20180815_ON PFAS G2-1_1 Calculations.xlsx",1,""
"20180815","MW1207-24",5,6,"CCTE_Shafer_MEA_dev_AB",1475833,3,19555.3333333333,"20180815_ON PFAS G2-1_1 Calculations.xlsx",1,""
"20180815","MW1207-24",5,6,"CCTE_Shafer_MEA_dev_LDH",1475833,3,0.840333333333333,"20180815_ON PFAS G2-1_1 Calculations.xlsx",1,""
"20180815","MW1207-24",5,7,"CCTE_Shafer_MEA_dev_AB",1475833,10,18607.3333333333,"20180815_ON PFAS G2-1_1 Calculations.xlsx",1,""
"20180815","MW1207-24",5,7,"CCTE_Shafer_MEA_dev_LDH",1475833,10,0.875633333333333,"20180815_ON PFAS G2-1_1 Calculations.xlsx",1,""
"20180815","MW1207-24",5,8,"CCTE_Shafer_MEA_dev_AB",1475833,30,20061.3333333333,"20180815_ON PFAS G2-1_1 Calculations.xlsx",1,""
"20180815","MW1207-24",5,8,"CCTE_Shafer_MEA_dev_LDH",1475833,30,1.03783333333333,"20180815_ON PFAS G2-1_1 Calculations.xlsx",1,""
"20180815","MW1207-24",6,1,"CCTE_Shafer_MEA_dev_AB",1475836,0.03,20452.3333333333,"20180815_ON PFAS G2-1_1 Calculations.xlsx",1,""
"20180815","MW1207-24",6,1,"CCTE_Shafer_MEA_dev_LDH",1475836,0.03,1.00113333333333,"20180815_ON PFAS G2-1_1 Calculations.xlsx",1,""
"20180815","MW1207-24",6,2,"CCTE_Shafer_MEA_dev_AB",1475836,0,15555.3333333333,"20180815_ON PFAS G2-1_1 Calculations.xlsx",1,""
"20180815","MW1207-24",6,2,"CCTE_Shafer_MEA_dev_LDH",1475836,0,0.874833333333333,"20180815_ON PFAS G2-1_1 Calculations.xlsx",1,""
"20180815","MW1207-24",6,3,"CCTE_Shafer_MEA_dev_AB",1475836,0.1,15875.3333333333,"20180815_ON PFAS G2-1_1 Calculations.xlsx",1,""
"20180815","MW1207-24",6,3,"CCTE_Shafer_MEA_dev_LDH",1475836,0.1,0.760533333333333,"20180815_ON PFAS G2-1_1 Calculations.xlsx",1,""
"20180815","MW1207-24",6,4,"CCTE_Shafer_MEA_dev_AB",1475836,0.3,18314.3333333333,"20180815_ON PFAS G2-1_1 Calculations.xlsx",1,""
"20180815","MW1207-24",6,4,"CCTE_Shafer_MEA_dev_LDH",1475836,0.3,0.765933333333333,"20180815_ON PFAS G2-1_1 Calculations.xlsx",1,""
"20180815","MW1207-24",6,5,"CCTE_Shafer_MEA_dev_AB",1475836,1,19669.3333333333,"20180815_ON PFAS G2-1_1 Calculations.xlsx",1,""
"20180815","MW1207-24",6,5,"CCTE_Shafer_MEA_dev_LDH",1475836,1,0.879433333333333,"20180815_ON PFAS G2-1_1 Calculations.xlsx",1,""
"20180815","MW1207-24",6,6,"CCTE_Shafer_MEA_dev_AB",1475836,3,19963.3333333333,"20180815_ON PFAS G2-1_1 Calculations.xlsx",1,""
"20180815","MW1207-24",6,6,"CCTE_Shafer_MEA_dev_LDH",1475836,3,0.869433333333333,"20180815_ON PFAS G2-1_1 Calculations.xlsx",1,""
"20180815","MW1207-24",6,7,"CCTE_Shafer_MEA_dev_AB",1475836,10,22485.3333333333,"20180815_ON PFAS G2-1_1 Calculations.xlsx",1,""
"20180815","MW1207-24",6,7,"CCTE_Shafer_MEA_dev_LDH",1475836,10,0.900233333333333,"20180815_ON PFAS G2-1_1 Calculations.xlsx",1,""
"20180815","MW1207-24",6,8,"CCTE_Shafer_MEA_dev_AB",1475836,30,23198.3333333333,"20180815_ON PFAS G2-1_1 Calculations.xlsx",1,""
"20180815","MW1207-24",6,8,"CCTE_Shafer_MEA_dev_LDH",1475836,30,0.918833333333333,"20180815_ON PFAS G2-1_1 Calculations.xlsx",1,""
"20180815","MW1207-25",1,1,"CCTE_Shafer_MEA_dev_AB",1475830,0.03,17394.3333333333,"20180815_ON PFAS G2-1_1 Calculations.xlsx",1,""
"20180815","MW1207-25",1,1,"CCTE_Shafer_MEA_dev_LDH",1475830,0.03,0.672466666666667,"20180815_ON PFAS G2-1_1 Calculations.xlsx",1,""
"20180815","MW1207-25",1,2,"CCTE_Shafer_MEA_dev_AB",1475830,0,19131.3333333333,"20180815_ON PFAS G2-1_1 Calculations.xlsx",1,""
"20180815","MW1207-25",1,2,"CCTE_Shafer_MEA_dev_LDH",1475830,0,0.826866666666667,"20180815_ON PFAS G2-1_1 Calculations.xlsx",1,""
"20180815","MW1207-25",1,3,"CCTE_Shafer_MEA_dev_AB",1475830,0.1,18063.3333333333,"20180815_ON PFAS G2-1_1 Calculations.xlsx",1,""
"20180815","MW1207-25",1,3,"CCTE_Shafer_MEA_dev_LDH",1475830,0.1,0.857366666666667,"20180815_ON PFAS G2-1_1 Calculations.xlsx",1,""
"20180815","MW1207-25",1,4,"CCTE_Shafer_MEA_dev_AB",1475830,0.3,21121.3333333333,"20180815_ON PFAS G2-1_1 Calculations.xlsx",1,""
"20180815","MW1207-25",1,4,"CCTE_Shafer_MEA_dev_LDH",1475830,0.3,0.981966666666667,"20180815_ON PFAS G2-1_1 Calculations.xlsx",1,""
"20180815","MW1207-25",1,5,"CCTE_Shafer_MEA_dev_AB",1475830,1,27554.3333333333,"20180815_ON PFAS G2-1_1 Calculations.xlsx",1,""
"20180815","MW1207-25",1,5,"CCTE_Shafer_MEA_dev_LDH",1475830,1,1.08296666666667,"20180815_ON PFAS G2-1_1 Calculations.xlsx",1,""
"20180815","MW1207-25",1,6,"CCTE_Shafer_MEA_dev_AB",1475830,3,21360.3333333333,"20180815_ON PFAS G2-1_1 Calculations.xlsx",1,""
"20180815","MW1207-25",1,6,"CCTE_Shafer_MEA_dev_LDH",1475830,3,0.927166666666667,"20180815_ON PFAS G2-1_1 Calculations.xlsx",1,""
"20180815","MW1207-25",1,7,"CCTE_Shafer_MEA_dev_AB",1475830,10,20134.3333333333,"20180815_ON PFAS G2-1_1 Calculations.xlsx",1,""
"20180815","MW1207-25",1,7,"CCTE_Shafer_MEA_dev_LDH",1475830,10,0.740166666666667,"20180815_ON PFAS G2-1_1 Calculations.xlsx",1,""
"20180815","MW1207-25",1,8,"CCTE_Shafer_MEA_dev_AB",1475830,30,21446.3333333333,"20180815_ON PFAS G2-1_1 Calculations.xlsx",1,""
"20180815","MW1207-25",1,8,"CCTE_Shafer_MEA_dev_LDH",1475830,30,0.720166666666667,"20180815_ON PFAS G2-1_1 Calculations.xlsx",1,""
"20180815","MW1207-25",2,1,"CCTE_Shafer_MEA_dev_AB",1475827,0.03,17999.3333333333,"20180815_ON PFAS G2-1_1 Calculations.xlsx",1,""
"20180815","MW1207-25",2,1,"CCTE_Shafer_MEA_dev_LDH",1475827,0.03,0.711466666666667,"20180815_ON PFAS G2-1_1 Calculations.xlsx",1,""
"20180815","MW1207-25",2,2,"CCTE_Shafer_MEA_dev_AB",1475827,0,21341.3333333333,"20180815_ON PFAS G2-1_1 Calculations.xlsx",1,""
"20180815","MW1207-25",2,2,"CCTE_Shafer_MEA_dev_LDH",1475827,0,0.641766666666667,"20180815_ON PFAS G2-1_1 Calculations.xlsx",1,""
"20180815","MW1207-25",2,3,"CCTE_Shafer_MEA_dev_AB",1475827,0.1,16390.3333333333,"20180815_ON PFAS G2-1_1 Calculations.xlsx",1,""
"20180815","MW1207-25",2,3,"CCTE_Shafer_MEA_dev_LDH",1475827,0.1,0.859466666666667,"20180815_ON PFAS G2-1_1 Calculations.xlsx",1,""
"20180815","MW1207-25",2,4,"CCTE_Shafer_MEA_dev_AB",1475827,0.3,16263.3333333333,"20180815_ON PFAS G2-1_1 Calculations.xlsx",1,""
"20180815","MW1207-25",2,4,"CCTE_Shafer_MEA_dev_LDH",1475827,0.3,0.862066666666667,"20180815_ON PFAS G2-1_1 Calculations.xlsx",1,""
"20180815","MW1207-25",2,5,"CCTE_Shafer_MEA_dev_AB",1475827,1,17732.3333333333,"20180815_ON PFAS G2-1_1 Calculations.xlsx",1,""
"20180815","MW1207-25",2,5,"CCTE_Shafer_MEA_dev_LDH",1475827,1,0.844366666666667,"20180815_ON PFAS G2-1_1 Calculations.xlsx",1,""
"20180815","MW1207-25",2,6,"CCTE_Shafer_MEA_dev_AB",1475827,3,17671.3333333333,"20180815_ON PFAS G2-1_1 Calculations.xlsx",1,""
"20180815","MW1207-25",2,6,"CCTE_Shafer_MEA_dev_LDH",1475827,3,0.808766666666667,"20180815_ON PFAS G2-1_1 Calculations.xlsx",1,""
"20180815","MW1207-25",2,7,"CCTE_Shafer_MEA_dev_AB",1475827,10,17478.3333333333,"20180815_ON PFAS G2-1_1 Calculations.xlsx",1,""
"20180815","MW1207-25",2,7,"CCTE_Shafer_MEA_dev_LDH",1475827,10,0.733566666666667,"20180815_ON PFAS G2-1_1 Calculations.xlsx",1,""
"20180815","MW1207-25",2,8,"CCTE_Shafer_MEA_dev_AB",1475827,30,20804.3333333333,"20180815_ON PFAS G2-1_1 Calculations.xlsx",1,""
"20180815","MW1207-25",2,8,"CCTE_Shafer_MEA_dev_LDH",1475827,30,0.801466666666667,"20180815_ON PFAS G2-1_1 Calculations.xlsx",1,""
"20180815","MW1207-25",3,1,"CCTE_Shafer_MEA_dev_AB",1475829,0.03,15588.3333333333,"20180815_ON PFAS G2-1_1 Calculations.xlsx",1,""
"20180815","MW1207-25",3,1,"CCTE_Shafer_MEA_dev_LDH",1475829,0.03,0.804966666666667,"20180815_ON PFAS G2-1_1 Calculations.xlsx",1,""
"20180815","MW1207-25",3,2,"CCTE_Shafer_MEA_dev_AB",1475829,0,16946.3333333333,"20180815_ON PFAS G2-1_1 Calculations.xlsx",1,""
"20180815","MW1207-25",3,2,"CCTE_Shafer_MEA_dev_LDH",1475829,0,0.785166666666667,"20180815_ON PFAS G2-1_1 Calculations.xlsx",1,""
"20180815","MW1207-25",3,3,"CCTE_Shafer_MEA_dev_AB",1475829,0.1,16288.3333333333,"20180815_ON PFAS G2-1_1 Calculations.xlsx",1,""
"20180815","MW1207-25",3,3,"CCTE_Shafer_MEA_dev_LDH",1475829,0.1,0.821266666666667,"20180815_ON PFAS G2-1_1 Calculations.xlsx",1,""
"20180815","MW1207-25",3,4,"CCTE_Shafer_MEA_dev_AB",1475829,0.3,19445.3333333333,"20180815_ON PFAS G2-1_1 Calculations.xlsx",1,""
"20180815","MW1207-25",3,4,"CCTE_Shafer_MEA_dev_LDH",1475829,0.3,0.792466666666667,"20180815_ON PFAS G2-1_1 Calculations.xlsx",1,""
"20180815","MW1207-25",3,5,"CCTE_Shafer_MEA_dev_AB",1475829,1,17625.3333333333,"20180815_ON PFAS G2-1_1 Calculations.xlsx",1,""
"20180815","MW1207-25",3,5,"CCTE_Shafer_MEA_dev_LDH",1475829,1,0.719466666666667,"20180815_ON PFAS G2-1_1 Calculations.xlsx",1,""
"20180815","MW1207-25",3,6,"CCTE_Shafer_MEA_dev_AB",1475829,3,17951.3333333333,"20180815_ON PFAS G2-1_1 Calculations.xlsx",1,""
"20180815","MW1207-25",3,6,"CCTE_Shafer_MEA_dev_LDH",1475829,3,0.794166666666667,"20180815_ON PFAS G2-1_1 Calculations.xlsx",1,""
"20180815","MW1207-25",3,7,"CCTE_Shafer_MEA_dev_AB",1475829,10,18144.3333333333,"20180815_ON PFAS G2-1_1 Calculations.xlsx",1,""
"20180815","MW1207-25",3,7,"CCTE_Shafer_MEA_dev_LDH",1475829,10,0.769266666666667,"20180815_ON PFAS G2-1_1 Calculations.xlsx",1,""
"20180815","MW1207-25",3,8,"CCTE_Shafer_MEA_dev_AB",1475829,30,18432.3333333333,"20180815_ON PFAS G2-1_1 Calculations.xlsx",1,""
"20180815","MW1207-25",3,8,"CCTE_Shafer_MEA_dev_LDH",1475829,30,0.921166666666667,"20180815_ON PFAS G2-1_1 Calculations.xlsx",1,""
"20180815","MW1207-25",4,1,"CCTE_Shafer_MEA_dev_AB",1475836,0.03,17293.3333333333,"20180815_ON PFAS G2-1_1 Calculations.xlsx",1,""
"20180815","MW1207-25",4,1,"CCTE_Shafer_MEA_dev_LDH",1475836,0.03,0.753966666666667,"20180815_ON PFAS G2-1_1 Calculations.xlsx",1,""
"20180815","MW1207-25",4,2,"CCTE_Shafer_MEA_dev_AB",1475836,0,15133.3333333333,"20180815_ON PFAS G2-1_1 Calculations.xlsx",1,""
"20180815","MW1207-25",4,2,"CCTE_Shafer_MEA_dev_LDH",1475836,0,0.813266666666667,"20180815_ON PFAS G2-1_1 Calculations.xlsx",1,""
"20180815","MW1207-25",4,3,"CCTE_Shafer_MEA_dev_AB",1475836,0.1,15987.3333333333,"20180815_ON PFAS G2-1_1 Calculations.xlsx",1,""
"20180815","MW1207-25",4,3,"CCTE_Shafer_MEA_dev_LDH",1475836,0.1,0.797266666666667,"20180815_ON PFAS G2-1_1 Calculations.xlsx",1,""
"20180815","MW1207-25",4,4,"CCTE_Shafer_MEA_dev_AB",1475836,0.3,17004.3333333333,"20180815_ON PFAS G2-1_1 Calculations.xlsx",1,""
"20180815","MW1207-25",4,4,"CCTE_Shafer_MEA_dev_LDH",1475836,0.3,0.869766666666667,"20180815_ON PFAS G2-1_1 Calculations.xlsx",1,""
"20180815","MW1207-25",4,5,"CCTE_Shafer_MEA_dev_AB",1475836,1,18754.3333333333,"20180815_ON PFAS G2-1_1 Calculations.xlsx",1,""
"20180815","MW1207-25",4,5,"CCTE_Shafer_MEA_dev_LDH",1475836,1,0.817166666666667,"20180815_ON PFAS G2-1_1 Calculations.xlsx",1,""
"20180815","MW1207-25",4,6,"CCTE_Shafer_MEA_dev_AB",1475836,3,18656.3333333333,"20180815_ON PFAS G2-1_1 Calculations.xlsx",1,""
"20180815","MW1207-25",4,6,"CCTE_Shafer_MEA_dev_LDH",1475836,3,0.826766666666667,"20180815_ON PFAS G2-1_1 Calculations.xlsx",1,""
"20180815","MW1207-25",4,7,"CCTE_Shafer_MEA_dev_AB",1475836,10,19474.3333333333,"20180815_ON PFAS G2-1_1 Calculations.xlsx",1,""
"20180815","MW1207-25",4,7,"CCTE_Shafer_MEA_dev_LDH",1475836,10,0.905366666666667,"20180815_ON PFAS G2-1_1 Calculations.xlsx",1,""
"20180815","MW1207-25",4,8,"CCTE_Shafer_MEA_dev_AB",1475836,30,19720.3333333333,"20180815_ON PFAS G2-1_1 Calculations.xlsx",1,""
"20180815","MW1207-25",4,8,"CCTE_Shafer_MEA_dev_LDH",1475836,30,0.795366666666667,"20180815_ON PFAS G2-1_1 Calculations.xlsx",1,""
"20180815","MW1207-25",5,1,"CCTE_Shafer_MEA_dev_AB",1475831,0.03,19871.3333333333,"20180815_ON PFAS G2-1_1 Calculations.xlsx",1,""
"20180815","MW1207-25",5,1,"CCTE_Shafer_MEA_dev_LDH",1475831,0.03,0.888666666666667,"20180815_ON PFAS G2-1_1 Calculations.xlsx",1,""
"20180815","MW1207-25",5,2,"CCTE_Shafer_MEA_dev_AB",1475831,0,18522.3333333333,"20180815_ON PFAS G2-1_1 Calculations.xlsx",1,""
"20180815","MW1207-25",5,2,"CCTE_Shafer_MEA_dev_LDH",1475831,0,0.821366666666667,"20180815_ON PFAS G2-1_1 Calculations.xlsx",1,""
"20180815","MW1207-25",5,3,"CCTE_Shafer_MEA_dev_AB",1475831,0.1,16602.3333333333,"20180815_ON PFAS G2-1_1 Calculations.xlsx",1,""
"20180815","MW1207-25",5,3,"CCTE_Shafer_MEA_dev_LDH",1475831,0.1,0.683466666666667,"20180815_ON PFAS G2-1_1 Calculations.xlsx",1,""
"20180815","MW1207-25",5,4,"CCTE_Shafer_MEA_dev_AB",1475831,0.3,18151.3333333333,"20180815_ON PFAS G2-1_1 Calculations.xlsx",1,""
"20180815","MW1207-25",5,4,"CCTE_Shafer_MEA_dev_LDH",1475831,0.3,0.758266666666667,"20180815_ON PFAS G2-1_1 Calculations.xlsx",1,""
"20180815","MW1207-25",5,5,"CCTE_Shafer_MEA_dev_AB",1475831,1,18619.3333333333,"20180815_ON PFAS G2-1_1 Calculations.xlsx",1,""
"20180815","MW1207-25",5,5,"CCTE_Shafer_MEA_dev_LDH",1475831,1,0.779166666666667,"20180815_ON PFAS G2-1_1 Calculations.xlsx",1,""
"20180815","MW1207-25",5,6,"CCTE_Shafer_MEA_dev_AB",1475831,3,19555.3333333333,"20180815_ON PFAS G2-1_1 Calculations.xlsx",1,""
"20180815","MW1207-25",5,6,"CCTE_Shafer_MEA_dev_LDH",1475831,3,0.823566666666667,"20180815_ON PFAS G2-1_1 Calculations.xlsx",1,""
"20180815","MW1207-25",5,7,"CCTE_Shafer_MEA_dev_AB",1475831,10,18607.3333333333,"20180815_ON PFAS G2-1_1 Calculations.xlsx",1,""
"20180815","MW1207-25",5,7,"CCTE_Shafer_MEA_dev_LDH",1475831,10,0.754466666666667,"20180815_ON PFAS G2-1_1 Calculations.xlsx",1,""
"20180815","MW1207-25",5,8,"CCTE_Shafer_MEA_dev_AB",1475831,30,20061.3333333333,"20180815_ON PFAS G2-1_1 Calculations.xlsx",1,""
"20180815","MW1207-25",5,8,"CCTE_Shafer_MEA_dev_LDH",1475831,30,0.729866666666667,"20180815_ON PFAS G2-1_1 Calculations.xlsx",1,""
"20180815","MW1207-25",6,1,"CCTE_Shafer_MEA_dev_AB",1475833,0.03,20452.3333333333,"20180815_ON PFAS G2-1_1 Calculations.xlsx",1,""
"20180815","MW1207-25",6,1,"CCTE_Shafer_MEA_dev_LDH",1475833,0.03,0.827466666666667,"20180815_ON PFAS G2-1_1 Calculations.xlsx",1,""
"20180815","MW1207-25",6,2,"CCTE_Shafer_MEA_dev_AB",1475833,0,15555.3333333333,"20180815_ON PFAS G2-1_1 Calculations.xlsx",1,""
"20180815","MW1207-25",6,2,"CCTE_Shafer_MEA_dev_LDH",1475833,0,0.802966666666667,"20180815_ON PFAS G2-1_1 Calculations.xlsx",1,""
"20180815","MW1207-25",6,3,"CCTE_Shafer_MEA_dev_AB",1475833,0.1,15875.3333333333,"20180815_ON PFAS G2-1_1 Calculations.xlsx",1,""
"20180815","MW1207-25",6,3,"CCTE_Shafer_MEA_dev_LDH",1475833,0.1,0.619366666666667,"20180815_ON PFAS G2-1_1 Calculations.xlsx",1,""
"20180815","MW1207-25",6,4,"CCTE_Shafer_MEA_dev_AB",1475833,0.3,18314.3333333333,"20180815_ON PFAS G2-1_1 Calculations.xlsx",1,""
"20180815","MW1207-25",6,4,"CCTE_Shafer_MEA_dev_LDH",1475833,0.3,0.885966666666667,"20180815_ON PFAS G2-1_1 Calculations.xlsx",1,""
"20180815","MW1207-25",6,5,"CCTE_Shafer_MEA_dev_AB",1475833,1,19669.3333333333,"20180815_ON PFAS G2-1_1 Calculations.xlsx",1,""
"20180815","MW1207-25",6,5,"CCTE_Shafer_MEA_dev_LDH",1475833,1,0.887266666666667,"20180815_ON PFAS G2-1_1 Calculations.xlsx",1,""
"20180815","MW1207-25",6,6,"CCTE_Shafer_MEA_dev_AB",1475833,3,19963.3333333333,"20180815_ON PFAS G2-1_1 Calculations.xlsx",1,""
"20180815","MW1207-25",6,6,"CCTE_Shafer_MEA_dev_LDH",1475833,3,0.834566666666667,"20180815_ON PFAS G2-1_1 Calculations.xlsx",1,""
"20180815","MW1207-25",6,7,"CCTE_Shafer_MEA_dev_AB",1475833,10,22485.3333333333,"20180815_ON PFAS G2-1_1 Calculations.xlsx",1,""
"20180815","MW1207-25",6,7,"CCTE_Shafer_MEA_dev_LDH",1475833,10,0.889366666666667,"20180815_ON PFAS G2-1_1 Calculations.xlsx",1,""
"20180815","MW1207-25",6,8,"CCTE_Shafer_MEA_dev_AB",1475833,30,23198.3333333333,"20180815_ON PFAS G2-1_1 Calculations.xlsx",1,""
"20180815","MW1207-25",6,8,"CCTE_Shafer_MEA_dev_LDH",1475833,30,0.831166666666667,"20180815_ON PFAS G2-1_1 Calculations.xlsx",1,""
"20180815","MW1207-26",1,1,"CCTE_Shafer_MEA_dev_AB",1475829,0.03,20192.6666666667,"20180815_ON PFAS G2-1_1 Calculations.xlsx",1,""
"20180815","MW1207-26",1,1,"CCTE_Shafer_MEA_dev_LDH",1475829,0.03,0.855566666666667,"20180815_ON PFAS G2-1_1 Calculations.xlsx",1,""
"20180815","MW1207-26",1,2,"CCTE_Shafer_MEA_dev_AB",1475829,0,18453.6666666667,"20180815_ON PFAS G2-1_1 Calculations.xlsx",1,""
"20180815","MW1207-26",1,2,"CCTE_Shafer_MEA_dev_LDH",1475829,0,0.745966666666667,"20180815_ON PFAS G2-1_1 Calculations.xlsx",1,""
"20180815","MW1207-26",1,3,"CCTE_Shafer_MEA_dev_AB",1475829,0.1,18931.6666666667,"20180815_ON PFAS G2-1_1 Calculations.xlsx",1,""
"20180815","MW1207-26",1,3,"CCTE_Shafer_MEA_dev_LDH",1475829,0.1,0.775966666666667,"20180815_ON PFAS G2-1_1 Calculations.xlsx",1,""
"20180815","MW1207-26",1,4,"CCTE_Shafer_MEA_dev_AB",1475829,0.3,18853.6666666667,"20180815_ON PFAS G2-1_1 Calculations.xlsx",1,""
"20180815","MW1207-26",1,4,"CCTE_Shafer_MEA_dev_LDH",1475829,0.3,0.810466666666667,"20180815_ON PFAS G2-1_1 Calculations.xlsx",1,""
"20180815","MW1207-26",1,5,"CCTE_Shafer_MEA_dev_AB",1475829,1,19840.6666666667,"20180815_ON PFAS G2-1_1 Calculations.xlsx",1,""
"20180815","MW1207-26",1,5,"CCTE_Shafer_MEA_dev_LDH",1475829,1,0.839466666666667,"20180815_ON PFAS G2-1_1 Calculations.xlsx",1,""
"20180815","MW1207-26",1,6,"CCTE_Shafer_MEA_dev_AB",1475829,3,19491.6666666667,"20180815_ON PFAS G2-1_1 Calculations.xlsx",1,""
"20180815","MW1207-26",1,6,"CCTE_Shafer_MEA_dev_LDH",1475829,3,0.917366666666667,"20180815_ON PFAS G2-1_1 Calculations.xlsx",1,""
"20180815","MW1207-26",1,7,"CCTE_Shafer_MEA_dev_AB",1475829,10,21013.6666666667,"20180815_ON PFAS G2-1_1 Calculations.xlsx",1,""
"20180815","MW1207-26",1,7,"CCTE_Shafer_MEA_dev_LDH",1475829,10,0.911066666666667,"20180815_ON PFAS G2-1_1 Calculations.xlsx",1,""
"20180815","MW1207-26",1,8,"CCTE_Shafer_MEA_dev_AB",1475829,30,21879.6666666667,"20180815_ON PFAS G2-1_1 Calculations.xlsx",1,""
"20180815","MW1207-26",1,8,"CCTE_Shafer_MEA_dev_LDH",1475829,30,0.968466666666667,"20180815_ON PFAS G2-1_1 Calculations.xlsx",1,""
"20180815","MW1207-26",2,1,"CCTE_Shafer_MEA_dev_AB",1475830,0.03,19301.6666666667,"20180815_ON PFAS G2-1_1 Calculations.xlsx",1,""
"20180815","MW1207-26",2,1,"CCTE_Shafer_MEA_dev_LDH",1475830,0.03,0.866066666666667,"20180815_ON PFAS G2-1_1 Calculations.xlsx",1,""
"20180815","MW1207-26",2,2,"CCTE_Shafer_MEA_dev_AB",1475830,0,17853.6666666667,"20180815_ON PFAS G2-1_1 Calculations.xlsx",1,""
"20180815","MW1207-26",2,2,"CCTE_Shafer_MEA_dev_LDH",1475830,0,0.835066666666667,"20180815_ON PFAS G2-1_1 Calculations.xlsx",1,""
"20180815","MW1207-26",2,3,"CCTE_Shafer_MEA_dev_AB",1475830,0.1,17759.6666666667,"20180815_ON PFAS G2-1_1 Calculations.xlsx",1,""
"20180815","MW1207-26",2,3,"CCTE_Shafer_MEA_dev_LDH",1475830,0.1,0.889166666666667,"20180815_ON PFAS G2-1_1 Calculations.xlsx",1,""
"20180815","MW1207-26",2,4,"CCTE_Shafer_MEA_dev_AB",1475830,0.3,17426.6666666667,"20180815_ON PFAS G2-1_1 Calculations.xlsx",1,""
"20180815","MW1207-26",2,4,"CCTE_Shafer_MEA_dev_LDH",1475830,0.3,0.886866666666667,"20180815_ON PFAS G2-1_1 Calculations.xlsx",1,""
"20180815","MW1207-26",2,5,"CCTE_Shafer_MEA_dev_AB",1475830,1,18381.6666666667,"20180815_ON PFAS G2-1_1 Calculations.xlsx",1,""
"20180815","MW1207-26",2,5,"CCTE_Shafer_MEA_dev_LDH",1475830,1,0.905466666666667,"20180815_ON PFAS G2-1_1 Calculations.xlsx",1,""
"20180815","MW1207-26",2,6,"CCTE_Shafer_MEA_dev_AB",1475830,3,17992.6666666667,"20180815_ON PFAS G2-1_1 Calculations.xlsx",1,""
"20180815","MW1207-26",2,6,"CCTE_Shafer_MEA_dev_LDH",1475830,3,0.934666666666667,"20180815_ON PFAS G2-1_1 Calculations.xlsx",1,""
"20180815","MW1207-26",2,7,"CCTE_Shafer_MEA_dev_AB",1475830,10,18243.6666666667,"20180815_ON PFAS G2-1_1 Calculations.xlsx",1,""
"20180815","MW1207-26",2,7,"CCTE_Shafer_MEA_dev_LDH",1475830,10,0.869666666666667,"20180815_ON PFAS G2-1_1 Calculations.xlsx",1,""
"20180815","MW1207-26",2,8,"CCTE_Shafer_MEA_dev_AB",1475830,30,19397.6666666667,"20180815_ON PFAS G2-1_1 Calculations.xlsx",1,""
"20180815","MW1207-26",2,8,"CCTE_Shafer_MEA_dev_LDH",1475830,30,0.825266666666667,"20180815_ON PFAS G2-1_1 Calculations.xlsx",1,""
"20180815","MW1207-26",3,1,"CCTE_Shafer_MEA_dev_AB",1475827,0.03,19331.6666666667,"20180815_ON PFAS G2-1_1 Calculations.xlsx",1,""
"20180815","MW1207-26",3,1,"CCTE_Shafer_MEA_dev_LDH",1475827,0.03,0.791466666666667,"20180815_ON PFAS G2-1_1 Calculations.xlsx",1,""
"20180815","MW1207-26",3,2,"CCTE_Shafer_MEA_dev_AB",1475827,0,19276.6666666667,"20180815_ON PFAS G2-1_1 Calculations.xlsx",1,""
"20180815","MW1207-26",3,2,"CCTE_Shafer_MEA_dev_LDH",1475827,0,0.893866666666667,"20180815_ON PFAS G2-1_1 Calculations.xlsx",1,""
"20180815","MW1207-26",3,3,"CCTE_Shafer_MEA_dev_AB",1475827,0.1,17834.6666666667,"20180815_ON PFAS G2-1_1 Calculations.xlsx",1,""
"20180815","MW1207-26",3,3,"CCTE_Shafer_MEA_dev_LDH",1475827,0.1,0.780966666666667,"20180815_ON PFAS G2-1_1 Calculations.xlsx",1,""
"20180815","MW1207-26",3,4,"CCTE_Shafer_MEA_dev_AB",1475827,0.3,17111.6666666667,"20180815_ON PFAS G2-1_1 Calculations.xlsx",1,""
"20180815","MW1207-26",3,4,"CCTE_Shafer_MEA_dev_LDH",1475827,0.3,0.807066666666667,"20180815_ON PFAS G2-1_1 Calculations.xlsx",1,""
"20180815","MW1207-26",3,5,"CCTE_Shafer_MEA_dev_AB",1475827,1,17557.6666666667,"20180815_ON PFAS G2-1_1 Calculations.xlsx",1,""
"20180815","MW1207-26",3,5,"CCTE_Shafer_MEA_dev_LDH",1475827,1,0.819266666666667,"20180815_ON PFAS G2-1_1 Calculations.xlsx",1,""
"20180815","MW1207-26",3,6,"CCTE_Shafer_MEA_dev_AB",1475827,3,17058.6666666667,"20180815_ON PFAS G2-1_1 Calculations.xlsx",1,""
"20180815","MW1207-26",3,6,"CCTE_Shafer_MEA_dev_LDH",1475827,3,0.763866666666667,"20180815_ON PFAS G2-1_1 Calculations.xlsx",1,""
"20180815","MW1207-26",3,7,"CCTE_Shafer_MEA_dev_AB",1475827,10,19272.6666666667,"20180815_ON PFAS G2-1_1 Calculations.xlsx",1,""
"20180815","MW1207-26",3,7,"CCTE_Shafer_MEA_dev_LDH",1475827,10,0.928466666666667,"20180815_ON PFAS G2-1_1 Calculations.xlsx",1,""
"20180815","MW1207-26",3,8,"CCTE_Shafer_MEA_dev_AB",1475827,30,18509.6666666667,"20180815_ON PFAS G2-1_1 Calculations.xlsx",1,""
"20180815","MW1207-26",3,8,"CCTE_Shafer_MEA_dev_LDH",1475827,30,0.904066666666667,"20180815_ON PFAS G2-1_1 Calculations.xlsx",1,""
"20180815","MW1207-26",4,1,"CCTE_Shafer_MEA_dev_AB",1475833,0.03,18744.6666666667,"20180815_ON PFAS G2-1_1 Calculations.xlsx",1,""
"20180815","MW1207-26",4,1,"CCTE_Shafer_MEA_dev_LDH",1475833,0.03,0.738766666666667,"20180815_ON PFAS G2-1_1 Calculations.xlsx",1,""
"20180815","MW1207-26",4,2,"CCTE_Shafer_MEA_dev_AB",1475833,0,19964.6666666667,"20180815_ON PFAS G2-1_1 Calculations.xlsx",1,""
"20180815","MW1207-26",4,2,"CCTE_Shafer_MEA_dev_LDH",1475833,0,0.882066666666667,"20180815_ON PFAS G2-1_1 Calculations.xlsx",1,""
"20180815","MW1207-26",4,3,"CCTE_Shafer_MEA_dev_AB",1475833,0.1,16739.6666666667,"20180815_ON PFAS G2-1_1 Calculations.xlsx",1,""
"20180815","MW1207-26",4,3,"CCTE_Shafer_MEA_dev_LDH",1475833,0.1,0.730366666666667,"20180815_ON PFAS G2-1_1 Calculations.xlsx",1,""
"20180815","MW1207-26",4,4,"CCTE_Shafer_MEA_dev_AB",1475833,0.3,17820.6666666667,"20180815_ON PFAS G2-1_1 Calculations.xlsx",1,""
"20180815","MW1207-26",4,4,"CCTE_Shafer_MEA_dev_LDH",1475833,0.3,0.713466666666667,"20180815_ON PFAS G2-1_1 Calculations.xlsx",1,""
"20180815","MW1207-26",4,5,"CCTE_Shafer_MEA_dev_AB",1475833,1,18386.6666666667,"20180815_ON PFAS G2-1_1 Calculations.xlsx",1,""
"20180815","MW1207-26",4,5,"CCTE_Shafer_MEA_dev_LDH",1475833,1,0.854766666666667,"20180815_ON PFAS G2-1_1 Calculations.xlsx",1,""
"20180815","MW1207-26",4,6,"CCTE_Shafer_MEA_dev_AB",1475833,3,17499.6666666667,"20180815_ON PFAS G2-1_1 Calculations.xlsx",1,""
"20180815","MW1207-26",4,6,"CCTE_Shafer_MEA_dev_LDH",1475833,3,0.859266666666667,"20180815_ON PFAS G2-1_1 Calculations.xlsx",1,""
"20180815","MW1207-26",4,7,"CCTE_Shafer_MEA_dev_AB",1475833,10,18734.6666666667,"20180815_ON PFAS G2-1_1 Calculations.xlsx",1,""
"20180815","MW1207-26",4,7,"CCTE_Shafer_MEA_dev_LDH",1475833,10,0.900166666666667,"20180815_ON PFAS G2-1_1 Calculations.xlsx",1,""
"20180815","MW1207-26",4,8,"CCTE_Shafer_MEA_dev_AB",1475833,30,16465.6666666667,"20180815_ON PFAS G2-1_1 Calculations.xlsx",1,""
"20180815","MW1207-26",4,8,"CCTE_Shafer_MEA_dev_LDH",1475833,30,0.754966666666667,"20180815_ON PFAS G2-1_1 Calculations.xlsx",1,""
"20180815","MW1207-26",5,1,"CCTE_Shafer_MEA_dev_AB",1475836,0.03,16480.6666666667,"20180815_ON PFAS G2-1_1 Calculations.xlsx",1,""
"20180815","MW1207-26",5,1,"CCTE_Shafer_MEA_dev_LDH",1475836,0.03,0.613766666666667,"20180815_ON PFAS G2-1_1 Calculations.xlsx",1,""
"20180815","MW1207-26",5,2,"CCTE_Shafer_MEA_dev_AB",1475836,0,16946.6666666667,"20180815_ON PFAS G2-1_1 Calculations.xlsx",1,""
"20180815","MW1207-26",5,2,"CCTE_Shafer_MEA_dev_LDH",1475836,0,0.652766666666667,"20180815_ON PFAS G2-1_1 Calculations.xlsx",1,""
"20180815","MW1207-26",5,3,"CCTE_Shafer_MEA_dev_AB",1475836,0.1,18554.6666666667,"20180815_ON PFAS G2-1_1 Calculations.xlsx",1,""
"20180815","MW1207-26",5,3,"CCTE_Shafer_MEA_dev_LDH",1475836,0.1,0.722666666666667,"20180815_ON PFAS G2-1_1 Calculations.xlsx",1,""
"20180815","MW1207-26",5,4,"CCTE_Shafer_MEA_dev_AB",1475836,0.3,18085.6666666667,"20180815_ON PFAS G2-1_1 Calculations.xlsx",1,""
"20180815","MW1207-26",5,4,"CCTE_Shafer_MEA_dev_LDH",1475836,0.3,0.685066666666667,"20180815_ON PFAS G2-1_1 Calculations.xlsx",1,""
"20180815","MW1207-26",5,5,"CCTE_Shafer_MEA_dev_AB",1475836,1,16573.6666666667,"20180815_ON PFAS G2-1_1 Calculations.xlsx",1,""
"20180815","MW1207-26",5,5,"CCTE_Shafer_MEA_dev_LDH",1475836,1,0.673566666666667,"20180815_ON PFAS G2-1_1 Calculations.xlsx",1,""
"20180815","MW1207-26",5,6,"CCTE_Shafer_MEA_dev_AB",1475836,3,19146.6666666667,"20180815_ON PFAS G2-1_1 Calculations.xlsx",1,""
"20180815","MW1207-26",5,6,"CCTE_Shafer_MEA_dev_LDH",1475836,3,0.709366666666667,"20180815_ON PFAS G2-1_1 Calculations.xlsx",1,""
"20180815","MW1207-26",5,7,"CCTE_Shafer_MEA_dev_AB",1475836,10,18163.6666666667,"20180815_ON PFAS G2-1_1 Calculations.xlsx",1,""
"20180815","MW1207-26",5,7,"CCTE_Shafer_MEA_dev_LDH",1475836,10,0.770266666666667,"20180815_ON PFAS G2-1_1 Calculations.xlsx",1,""
"20180815","MW1207-26",5,8,"CCTE_Shafer_MEA_dev_AB",1475836,30,19850.6666666667,"20180815_ON PFAS G2-1_1 Calculations.xlsx",1,""
"20180815","MW1207-26",5,8,"CCTE_Shafer_MEA_dev_LDH",1475836,30,0.973466666666667,"20180815_ON PFAS G2-1_1 Calculations.xlsx",1,""
"20180815","MW1207-26",6,1,"CCTE_Shafer_MEA_dev_AB",1475831,0.03,19385.6666666667,"20180815_ON PFAS G2-1_1 Calculations.xlsx",1,""
"20180815","MW1207-26",6,1,"CCTE_Shafer_MEA_dev_LDH",1475831,0.03,0.865966666666667,"20180815_ON PFAS G2-1_1 Calculations.xlsx",1,""
"20180815","MW1207-26",6,2,"CCTE_Shafer_MEA_dev_AB",1475831,0,21122.6666666667,"20180815_ON PFAS G2-1_1 Calculations.xlsx",1,""
"20180815","MW1207-26",6,2,"CCTE_Shafer_MEA_dev_LDH",1475831,0,0.949466666666667,"20180815_ON PFAS G2-1_1 Calculations.xlsx",1,""
"20180815","MW1207-26",6,3,"CCTE_Shafer_MEA_dev_AB",1475831,0.1,27093.6666666667,"20180815_ON PFAS G2-1_1 Calculations.xlsx",1,""
"20180815","MW1207-26",6,3,"CCTE_Shafer_MEA_dev_LDH",1475831,0.1,1.44046666666667,"20180815_ON PFAS G2-1_1 Calculations.xlsx",1,""
"20180815","MW1207-26",6,4,"CCTE_Shafer_MEA_dev_AB",1475831,0.3,21555.6666666667,"20180815_ON PFAS G2-1_1 Calculations.xlsx",1,""
"20180815","MW1207-26",6,4,"CCTE_Shafer_MEA_dev_LDH",1475831,0.3,0.892966666666667,"20180815_ON PFAS G2-1_1 Calculations.xlsx",1,""
"20180815","MW1207-26",6,5,"CCTE_Shafer_MEA_dev_AB",1475831,1,20781.6666666667,"20180815_ON PFAS G2-1_1 Calculations.xlsx",1,""
"20180815","MW1207-26",6,5,"CCTE_Shafer_MEA_dev_LDH",1475831,1,0.787466666666667,"20180815_ON PFAS G2-1_1 Calculations.xlsx",1,""
"20180815","MW1207-26",6,6,"CCTE_Shafer_MEA_dev_AB",1475831,3,18959.6666666667,"20180815_ON PFAS G2-1_1 Calculations.xlsx",1,""
"20180815","MW1207-26",6,6,"CCTE_Shafer_MEA_dev_LDH",1475831,3,0.776766666666667,"20180815_ON PFAS G2-1_1 Calculations.xlsx",1,""
"20180815","MW1207-26",6,7,"CCTE_Shafer_MEA_dev_AB",1475831,10,19341.6666666667,"20180815_ON PFAS G2-1_1 Calculations.xlsx",1,""
"20180815","MW1207-26",6,7,"CCTE_Shafer_MEA_dev_LDH",1475831,10,0.776566666666667,"20180815_ON PFAS G2-1_1 Calculations.xlsx",1,""
"20180815","MW1207-26",6,8,"CCTE_Shafer_MEA_dev_AB",1475831,30,16179.6666666667,"20180815_ON PFAS G2-1_1 Calculations.xlsx",1,""
"20180815","MW1207-26",6,8,"CCTE_Shafer_MEA_dev_LDH",1475831,30,0.665366666666667,"20180815_ON PFAS G2-1_1 Calculations.xlsx",1,""
