"date","Plate.SN","DIV","well","trt","dose","units","file.name","wt.mean.resistance"
"20220209","MW89-4615",0,"A1","Deltamethrin",0.03,"uM","iNFA_20220209_MW89-4615_00_(000)_Compiler.csv",16.655991
"20220209","MW89-4615",0,"A2","EtOH:DMSO",0,"uM","iNFA_20220209_MW89-4615_00_(000)_Compiler.csv",17.912796
"20220209","MW89-4615",0,"A3","Deltamethrin",0.1,"uM","iNFA_20220209_MW89-4615_00_(000)_Compiler.csv",17.917541
"20220209","MW89-4615",0,"A4","Deltamethrin",0.3,"uM","iNFA_20220209_MW89-4615_00_(000)_Compiler.csv",17.867718
"20220209","MW89-4615",0,"A5","Deltamethrin",1,"uM","iNFA_20220209_MW89-4615_00_(000)_Compiler.csv",15.698614
"20220209","MW89-4615",0,"A6","Deltamethrin",3,"uM","iNFA_20220209_MW89-4615_00_(000)_Compiler.csv",17.52957
"20220209","MW89-4615",0,"A7","Deltamethrin",10,"uM","iNFA_20220209_MW89-4615_00_(000)_Compiler.csv",17.515069
"20220209","MW89-4615",0,"A8","Deltamethrin",30,"uM","iNFA_20220209_MW89-4615_00_(000)_Compiler.csv",16.665665
"20220209","MW89-4615",0,"B1","Thiamethoxam",0.03,"uM","iNFA_20220209_MW89-4615_00_(000)_Compiler.csv",15.905887
"20220209","MW89-4615",0,"B2","DMSO",0,"uM","iNFA_20220209_MW89-4615_00_(000)_Compiler.csv",16.796348
"20220209","MW89-4615",0,"B3","Thiamethoxam",0.1,"uM","iNFA_20220209_MW89-4615_00_(000)_Compiler.csv",17.167206
"20220209","MW89-4615",0,"B4","Thiamethoxam",0.3,"uM","iNFA_20220209_MW89-4615_00_(000)_Compiler.csv",17.045675
"20220209","MW89-4615",0,"B5","Thiamethoxam",1,"uM","iNFA_20220209_MW89-4615_00_(000)_Compiler.csv",16.794738
"20220209","MW89-4615",0,"B6","Thiamethoxam",3,"uM","iNFA_20220209_MW89-4615_00_(000)_Compiler.csv",18.001201
"20220209","MW89-4615",0,"B7","Thiamethoxam",10,"uM","iNFA_20220209_MW89-4615_00_(000)_Compiler.csv",18.00664
"20220209","MW89-4615",0,"B8","Thiamethoxam",30,"uM","iNFA_20220209_MW89-4615_00_(000)_Compiler.csv",16.188042
"20220209","MW89-4615",0,"C1","Tributyltin Chloride",1e-04,"uM","iNFA_20220209_MW89-4615_00_(000)_Compiler.csv",17.068646
"20220209","MW89-4615",0,"C2","DMSO",0,"uM","iNFA_20220209_MW89-4615_00_(000)_Compiler.csv",18.27242
"20220209","MW89-4615",0,"C3","Tributyltin Chloride",3e-04,"uM","iNFA_20220209_MW89-4615_00_(000)_Compiler.csv",16.764439
"20220209","MW89-4615",0,"C4","Tributyltin Chloride",0.001,"uM","iNFA_20220209_MW89-4615_00_(000)_Compiler.csv",19.370544
"20220209","MW89-4615",0,"C5","Tributyltin Chloride",0.003,"uM","iNFA_20220209_MW89-4615_00_(000)_Compiler.csv",15.815067
"20220209","MW89-4615",0,"C6","Tributyltin Chloride",0.01,"uM","iNFA_20220209_MW89-4615_00_(000)_Compiler.csv",17.278842
"20220209","MW89-4615",0,"C7","Tributyltin Chloride",0.03,"uM","iNFA_20220209_MW89-4615_00_(000)_Compiler.csv",17.54986
"20220209","MW89-4615",0,"C8","Tributyltin Chloride",0.1,"uM","iNFA_20220209_MW89-4615_00_(000)_Compiler.csv",16.790856
"20220209","MW89-4615",0,"D1","Rotenone",3e-05,"uM","iNFA_20220209_MW89-4615_00_(000)_Compiler.csv",19.044698
"20220209","MW89-4615",0,"D2","DMSO",0,"uM","iNFA_20220209_MW89-4615_00_(000)_Compiler.csv",18.199278
"20220209","MW89-4615",0,"D3","Rotenone",1e-04,"uM","iNFA_20220209_MW89-4615_00_(000)_Compiler.csv",18.873954
"20220209","MW89-4615",0,"D4","Rotenone",3e-04,"uM","iNFA_20220209_MW89-4615_00_(000)_Compiler.csv",19.040928
"20220209","MW89-4615",0,"D5","Rotenone",0.001,"uM","iNFA_20220209_MW89-4615_00_(000)_Compiler.csv",19.560203
"20220209","MW89-4615",0,"D6","Rotenone",0.003,"uM","iNFA_20220209_MW89-4615_00_(000)_Compiler.csv",17.913568
"20220209","MW89-4615",0,"D7","Rotenone",0.01,"uM","iNFA_20220209_MW89-4615_00_(000)_Compiler.csv",19.0516
"20220209","MW89-4615",0,"D8","Rotenone",0.03,"uM","iNFA_20220209_MW89-4615_00_(000)_Compiler.csv",16.556097
"20220209","MW89-4615",0,"E1","Glyphosate",0.03,"uM","iNFA_20220209_MW89-4615_00_(000)_Compiler.csv",17.499768
"20220209","MW89-4615",0,"E2","H2O",0,"uM","iNFA_20220209_MW89-4615_00_(000)_Compiler.csv",18.054582
"20220209","MW89-4615",0,"E3","Glyphosate",0.1,"uM","iNFA_20220209_MW89-4615_00_(000)_Compiler.csv",18.213219
"20220209","MW89-4615",0,"E4","Glyphosate",0.3,"uM","iNFA_20220209_MW89-4615_00_(000)_Compiler.csv",19.659322
"20220209","MW89-4615",0,"E5","Glyphosate",1,"uM","iNFA_20220209_MW89-4615_00_(000)_Compiler.csv",16.297559
"20220209","MW89-4615",0,"E6","Glyphosate",3,"uM","iNFA_20220209_MW89-4615_00_(000)_Compiler.csv",17.409012
"20220209","MW89-4615",0,"E7","Glyphosate",10,"uM","iNFA_20220209_MW89-4615_00_(000)_Compiler.csv",16.363038
"20220209","MW89-4615",0,"E8","Glyphosate",30,"uM","iNFA_20220209_MW89-4615_00_(000)_Compiler.csv",14.851816
"20220209","MW89-4615",0,"F1","Lindane",0.03,"uM","iNFA_20220209_MW89-4615_00_(000)_Compiler.csv",18.668977
"20220209","MW89-4615",0,"F2","EtOH",0,"uM","iNFA_20220209_MW89-4615_00_(000)_Compiler.csv",18.098343
"20220209","MW89-4615",0,"F3","Lindane",0.1,"uM","iNFA_20220209_MW89-4615_00_(000)_Compiler.csv",14.765785
"20220209","MW89-4615",0,"F4","Lindane",0.3,"uM","iNFA_20220209_MW89-4615_00_(000)_Compiler.csv",17.901398
"20220209","MW89-4615",0,"F5","Lindane",1,"uM","iNFA_20220209_MW89-4615_00_(000)_Compiler.csv",6.463551
"20220209","MW89-4615",0,"F6","Lindane",3,"uM","iNFA_20220209_MW89-4615_00_(000)_Compiler.csv",17.603296
"20220209","MW89-4615",0,"F7","Lindane",10,"uM","iNFA_20220209_MW89-4615_00_(000)_Compiler.csv",14.157041
"20220209","MW89-4615",0,"F8","Lindane",30,"uM","iNFA_20220209_MW89-4615_00_(000)_Compiler.csv",15.714921
"20220209","MW89-4615",2,"A1","Deltamethrin",0.03,"uM","iNFA_20220209_MW89-4615_02_(000)_Compiler.csv",17.635591
"20220209","MW89-4615",2,"A2","EtOH:DMSO",0,"uM","iNFA_20220209_MW89-4615_02_(000)_Compiler.csv",21.221914
"20220209","MW89-4615",2,"A3","Deltamethrin",0.1,"uM","iNFA_20220209_MW89-4615_02_(000)_Compiler.csv",25.85335
"20220209","MW89-4615",2,"A4","Deltamethrin",0.3,"uM","iNFA_20220209_MW89-4615_02_(000)_Compiler.csv",24.85377
"20220209","MW89-4615",2,"A5","Deltamethrin",1,"uM","iNFA_20220209_MW89-4615_02_(000)_Compiler.csv",21.322656
"20220209","MW89-4615",2,"A6","Deltamethrin",3,"uM","iNFA_20220209_MW89-4615_02_(000)_Compiler.csv",22.629092
"20220209","MW89-4615",2,"A7","Deltamethrin",10,"uM","iNFA_20220209_MW89-4615_02_(000)_Compiler.csv",24.953872
"20220209","MW89-4615",2,"A8","Deltamethrin",30,"uM","iNFA_20220209_MW89-4615_02_(000)_Compiler.csv",21.086549
"20220209","MW89-4615",2,"B1","Thiamethoxam",0.03,"uM","iNFA_20220209_MW89-4615_02_(000)_Compiler.csv",23.346516
"20220209","MW89-4615",2,"B2","DMSO",0,"uM","iNFA_20220209_MW89-4615_02_(000)_Compiler.csv",19.91904
"20220209","MW89-4615",2,"B3","Thiamethoxam",0.1,"uM","iNFA_20220209_MW89-4615_02_(000)_Compiler.csv",25.311723
"20220209","MW89-4615",2,"B4","Thiamethoxam",0.3,"uM","iNFA_20220209_MW89-4615_02_(000)_Compiler.csv",27.008866
"20220209","MW89-4615",2,"B5","Thiamethoxam",1,"uM","iNFA_20220209_MW89-4615_02_(000)_Compiler.csv",20.406825
"20220209","MW89-4615",2,"B6","Thiamethoxam",3,"uM","iNFA_20220209_MW89-4615_02_(000)_Compiler.csv",22.448519
"20220209","MW89-4615",2,"B7","Thiamethoxam",10,"uM","iNFA_20220209_MW89-4615_02_(000)_Compiler.csv",24.554169
"20220209","MW89-4615",2,"B8","Thiamethoxam",30,"uM","iNFA_20220209_MW89-4615_02_(000)_Compiler.csv",23.548945
"20220209","MW89-4615",2,"C1","Tributyltin Chloride",1e-04,"uM","iNFA_20220209_MW89-4615_02_(000)_Compiler.csv",19.919151
"20220209","MW89-4615",2,"C2","DMSO",0,"uM","iNFA_20220209_MW89-4615_02_(000)_Compiler.csv",24.571444
"20220209","MW89-4615",2,"C3","Tributyltin Chloride",3e-04,"uM","iNFA_20220209_MW89-4615_02_(000)_Compiler.csv",19.455339
"20220209","MW89-4615",2,"C4","Tributyltin Chloride",0.001,"uM","iNFA_20220209_MW89-4615_02_(000)_Compiler.csv",23.456904
"20220209","MW89-4615",2,"C5","Tributyltin Chloride",0.003,"uM","iNFA_20220209_MW89-4615_02_(000)_Compiler.csv",23.810431
"20220209","MW89-4615",2,"C6","Tributyltin Chloride",0.01,"uM","iNFA_20220209_MW89-4615_02_(000)_Compiler.csv",24.081679
"20220209","MW89-4615",2,"C7","Tributyltin Chloride",0.03,"uM","iNFA_20220209_MW89-4615_02_(000)_Compiler.csv",21.946279
"20220209","MW89-4615",2,"C8","Tributyltin Chloride",0.1,"uM","iNFA_20220209_MW89-4615_02_(000)_Compiler.csv",8.955968
"20220209","MW89-4615",2,"D1","Rotenone",3e-05,"uM","iNFA_20220209_MW89-4615_02_(000)_Compiler.csv",23.348286
"20220209","MW89-4615",2,"D2","DMSO",0,"uM","iNFA_20220209_MW89-4615_02_(000)_Compiler.csv",24.668976
"20220209","MW89-4615",2,"D3","Rotenone",1e-04,"uM","iNFA_20220209_MW89-4615_02_(000)_Compiler.csv",24.610177
"20220209","MW89-4615",2,"D4","Rotenone",3e-04,"uM","iNFA_20220209_MW89-4615_02_(000)_Compiler.csv",24.282068
"20220209","MW89-4615",2,"D5","Rotenone",0.001,"uM","iNFA_20220209_MW89-4615_02_(000)_Compiler.csv",27.09509
"20220209","MW89-4615",2,"D6","Rotenone",0.003,"uM","iNFA_20220209_MW89-4615_02_(000)_Compiler.csv",23.391296
"20220209","MW89-4615",2,"D7","Rotenone",0.01,"uM","iNFA_20220209_MW89-4615_02_(000)_Compiler.csv",22.577662
"20220209","MW89-4615",2,"D8","Rotenone",0.03,"uM","iNFA_20220209_MW89-4615_02_(000)_Compiler.csv",20.490515
"20220209","MW89-4615",2,"E1","Glyphosate",0.03,"uM","iNFA_20220209_MW89-4615_02_(000)_Compiler.csv",20.511101
"20220209","MW89-4615",2,"E2","H2O",0,"uM","iNFA_20220209_MW89-4615_02_(000)_Compiler.csv",22.865111
"20220209","MW89-4615",2,"E3","Glyphosate",0.1,"uM","iNFA_20220209_MW89-4615_02_(000)_Compiler.csv",23.002781
"20220209","MW89-4615",2,"E4","Glyphosate",0.3,"uM","iNFA_20220209_MW89-4615_02_(000)_Compiler.csv",24.22704
"20220209","MW89-4615",2,"E5","Glyphosate",1,"uM","iNFA_20220209_MW89-4615_02_(000)_Compiler.csv",20.686497
"20220209","MW89-4615",2,"E6","Glyphosate",3,"uM","iNFA_20220209_MW89-4615_02_(000)_Compiler.csv",23.998887
"20220209","MW89-4615",2,"E7","Glyphosate",10,"uM","iNFA_20220209_MW89-4615_02_(000)_Compiler.csv",22.205813
"20220209","MW89-4615",2,"E8","Glyphosate",30,"uM","iNFA_20220209_MW89-4615_02_(000)_Compiler.csv",20.071078
"20220209","MW89-4615",2,"F1","Lindane",0.03,"uM","iNFA_20220209_MW89-4615_02_(000)_Compiler.csv",18.087923
"20220209","MW89-4615",2,"F2","EtOH",0,"uM","iNFA_20220209_MW89-4615_02_(000)_Compiler.csv",21.710782
"20220209","MW89-4615",2,"F3","Lindane",0.1,"uM","iNFA_20220209_MW89-4615_02_(000)_Compiler.csv",18.065579
"20220209","MW89-4615",2,"F4","Lindane",0.3,"uM","iNFA_20220209_MW89-4615_02_(000)_Compiler.csv",19.704471
"20220209","MW89-4615",2,"F5","Lindane",1,"uM","iNFA_20220209_MW89-4615_02_(000)_Compiler.csv",8.816372
"20220209","MW89-4615",2,"F6","Lindane",3,"uM","iNFA_20220209_MW89-4615_02_(000)_Compiler.csv",20.235338
"20220209","MW89-4615",2,"F7","Lindane",10,"uM","iNFA_20220209_MW89-4615_02_(000)_Compiler.csv",16.959118
"20220209","MW89-4615",2,"F8","Lindane",30,"uM","iNFA_20220209_MW89-4615_02_(000)_Compiler.csv",19.299535
"20220209","MW89-4615",5,"A1","Deltamethrin",0.03,"uM","iNFA_20220209_MW89-4615_05_(000)_Compiler.csv",12.325659
"20220209","MW89-4615",5,"A2","EtOH:DMSO",0,"uM","iNFA_20220209_MW89-4615_05_(000)_Compiler.csv",18.603679
"20220209","MW89-4615",5,"A3","Deltamethrin",0.1,"uM","iNFA_20220209_MW89-4615_05_(000)_Compiler.csv",20.802783
"20220209","MW89-4615",5,"A4","Deltamethrin",0.3,"uM","iNFA_20220209_MW89-4615_05_(000)_Compiler.csv",18.275202
"20220209","MW89-4615",5,"A5","Deltamethrin",1,"uM","iNFA_20220209_MW89-4615_05_(000)_Compiler.csv",16.600594
"20220209","MW89-4615",5,"A6","Deltamethrin",3,"uM","iNFA_20220209_MW89-4615_05_(000)_Compiler.csv",19.497714
"20220209","MW89-4615",5,"A7","Deltamethrin",10,"uM","iNFA_20220209_MW89-4615_05_(000)_Compiler.csv",21.935285
"20220209","MW89-4615",5,"A8","Deltamethrin",30,"uM","iNFA_20220209_MW89-4615_05_(000)_Compiler.csv",21.465569
"20220209","MW89-4615",5,"B1","Thiamethoxam",0.03,"uM","iNFA_20220209_MW89-4615_05_(000)_Compiler.csv",18.795279
"20220209","MW89-4615",5,"B2","DMSO",0,"uM","iNFA_20220209_MW89-4615_05_(000)_Compiler.csv",19.996966
"20220209","MW89-4615",5,"B3","Thiamethoxam",0.1,"uM","iNFA_20220209_MW89-4615_05_(000)_Compiler.csv",20.467577
"20220209","MW89-4615",5,"B4","Thiamethoxam",0.3,"uM","iNFA_20220209_MW89-4615_05_(000)_Compiler.csv",23.431302
"20220209","MW89-4615",5,"B5","Thiamethoxam",1,"uM","iNFA_20220209_MW89-4615_05_(000)_Compiler.csv",21.003952
"20220209","MW89-4615",5,"B6","Thiamethoxam",3,"uM","iNFA_20220209_MW89-4615_05_(000)_Compiler.csv",19.564951
"20220209","MW89-4615",5,"B7","Thiamethoxam",10,"uM","iNFA_20220209_MW89-4615_05_(000)_Compiler.csv",22.352316
"20220209","MW89-4615",5,"B8","Thiamethoxam",30,"uM","iNFA_20220209_MW89-4615_05_(000)_Compiler.csv",20.395416
"20220209","MW89-4615",5,"C1","Tributyltin Chloride",1e-04,"uM","iNFA_20220209_MW89-4615_05_(000)_Compiler.csv",16.815376
"20220209","MW89-4615",5,"C2","DMSO",0,"uM","iNFA_20220209_MW89-4615_05_(000)_Compiler.csv",22.30678
"20220209","MW89-4615",5,"C3","Tributyltin Chloride",3e-04,"uM","iNFA_20220209_MW89-4615_05_(000)_Compiler.csv",18.647191
"20220209","MW89-4615",5,"C4","Tributyltin Chloride",0.001,"uM","iNFA_20220209_MW89-4615_05_(000)_Compiler.csv",24.530841
"20220209","MW89-4615",5,"C5","Tributyltin Chloride",0.003,"uM","iNFA_20220209_MW89-4615_05_(000)_Compiler.csv",20.54382
"20220209","MW89-4615",5,"C6","Tributyltin Chloride",0.01,"uM","iNFA_20220209_MW89-4615_05_(000)_Compiler.csv",22.056207
"20220209","MW89-4615",5,"C7","Tributyltin Chloride",0.03,"uM","iNFA_20220209_MW89-4615_05_(000)_Compiler.csv",21.732628
"20220209","MW89-4615",5,"C8","Tributyltin Chloride",0.1,"uM","iNFA_20220209_MW89-4615_05_(000)_Compiler.csv",8.61006
"20220209","MW89-4615",5,"D1","Rotenone",3e-05,"uM","iNFA_20220209_MW89-4615_05_(000)_Compiler.csv",18.979967
"20220209","MW89-4615",5,"D2","DMSO",0,"uM","iNFA_20220209_MW89-4615_05_(000)_Compiler.csv",23.736894
"20220209","MW89-4615",5,"D3","Rotenone",1e-04,"uM","iNFA_20220209_MW89-4615_05_(000)_Compiler.csv",21.878585
"20220209","MW89-4615",5,"D4","Rotenone",3e-04,"uM","iNFA_20220209_MW89-4615_05_(000)_Compiler.csv",21.106271
"20220209","MW89-4615",5,"D5","Rotenone",0.001,"uM","iNFA_20220209_MW89-4615_05_(000)_Compiler.csv",22.727842
"20220209","MW89-4615",5,"D6","Rotenone",0.003,"uM","iNFA_20220209_MW89-4615_05_(000)_Compiler.csv",20.560857
"20220209","MW89-4615",5,"D7","Rotenone",0.01,"uM","iNFA_20220209_MW89-4615_05_(000)_Compiler.csv",20.122249
"20220209","MW89-4615",5,"D8","Rotenone",0.03,"uM","iNFA_20220209_MW89-4615_05_(000)_Compiler.csv",19.332452
"20220209","MW89-4615",5,"E1","Glyphosate",0.03,"uM","iNFA_20220209_MW89-4615_05_(000)_Compiler.csv",13.915988
"20220209","MW89-4615",5,"E2","H2O",0,"uM","iNFA_20220209_MW89-4615_05_(000)_Compiler.csv",21.950421
"20220209","MW89-4615",5,"E3","Glyphosate",0.1,"uM","iNFA_20220209_MW89-4615_05_(000)_Compiler.csv",20.468512
"20220209","MW89-4615",5,"E4","Glyphosate",0.3,"uM","iNFA_20220209_MW89-4615_05_(000)_Compiler.csv",23.212598
"20220209","MW89-4615",5,"E5","Glyphosate",1,"uM","iNFA_20220209_MW89-4615_05_(000)_Compiler.csv",20.222798
"20220209","MW89-4615",5,"E6","Glyphosate",3,"uM","iNFA_20220209_MW89-4615_05_(000)_Compiler.csv",19.047422
"20220209","MW89-4615",5,"E7","Glyphosate",10,"uM","iNFA_20220209_MW89-4615_05_(000)_Compiler.csv",21.066322
"20220209","MW89-4615",5,"E8","Glyphosate",30,"uM","iNFA_20220209_MW89-4615_05_(000)_Compiler.csv",17.679544
"20220209","MW89-4615",5,"F1","Lindane",0.03,"uM","iNFA_20220209_MW89-4615_05_(000)_Compiler.csv",15.413485
"20220209","MW89-4615",5,"F2","EtOH",0,"uM","iNFA_20220209_MW89-4615_05_(000)_Compiler.csv",21.083298
"20220209","MW89-4615",5,"F3","Lindane",0.1,"uM","iNFA_20220209_MW89-4615_05_(000)_Compiler.csv",16.705146
"20220209","MW89-4615",5,"F4","Lindane",0.3,"uM","iNFA_20220209_MW89-4615_05_(000)_Compiler.csv",18.253021
"20220209","MW89-4615",5,"F5","Lindane",1,"uM","iNFA_20220209_MW89-4615_05_(000)_Compiler.csv",9.625756
"20220209","MW89-4615",5,"F6","Lindane",3,"uM","iNFA_20220209_MW89-4615_05_(000)_Compiler.csv",16.518333
"20220209","MW89-4615",5,"F7","Lindane",10,"uM","iNFA_20220209_MW89-4615_05_(000)_Compiler.csv",14.683349
"20220209","MW89-4615",5,"F8","Lindane",30,"uM","iNFA_20220209_MW89-4615_05_(000)_Compiler.csv",16.484857
"20220209","MW89-4615",7,"A1","Deltamethrin",0.03,"uM","iNFA_20220209_MW89-4615_07_(000)_Compiler.csv",18.739774
"20220209","MW89-4615",7,"A2","EtOH:DMSO",0,"uM","iNFA_20220209_MW89-4615_07_(000)_Compiler.csv",17.462017
"20220209","MW89-4615",7,"A3","Deltamethrin",0.1,"uM","iNFA_20220209_MW89-4615_07_(000)_Compiler.csv",20.103438
"20220209","MW89-4615",7,"A4","Deltamethrin",0.3,"uM","iNFA_20220209_MW89-4615_07_(000)_Compiler.csv",17.695798
"20220209","MW89-4615",7,"A5","Deltamethrin",1,"uM","iNFA_20220209_MW89-4615_07_(000)_Compiler.csv",16.242697
"20220209","MW89-4615",7,"A6","Deltamethrin",3,"uM","iNFA_20220209_MW89-4615_07_(000)_Compiler.csv",18.012677
"20220209","MW89-4615",7,"A7","Deltamethrin",10,"uM","iNFA_20220209_MW89-4615_07_(000)_Compiler.csv",23.774545
"20220209","MW89-4615",7,"A8","Deltamethrin",30,"uM","iNFA_20220209_MW89-4615_07_(000)_Compiler.csv",21.057487
"20220209","MW89-4615",7,"B1","Thiamethoxam",0.03,"uM","iNFA_20220209_MW89-4615_07_(000)_Compiler.csv",19.183841
"20220209","MW89-4615",7,"B2","DMSO",0,"uM","iNFA_20220209_MW89-4615_07_(000)_Compiler.csv",20.401971
"20220209","MW89-4615",7,"B3","Thiamethoxam",0.1,"uM","iNFA_20220209_MW89-4615_07_(000)_Compiler.csv",18.088818
"20220209","MW89-4615",7,"B4","Thiamethoxam",0.3,"uM","iNFA_20220209_MW89-4615_07_(000)_Compiler.csv",21.339677
"20220209","MW89-4615",7,"B5","Thiamethoxam",1,"uM","iNFA_20220209_MW89-4615_07_(000)_Compiler.csv",17.940383
"20220209","MW89-4615",7,"B6","Thiamethoxam",3,"uM","iNFA_20220209_MW89-4615_07_(000)_Compiler.csv",19.129942
"20220209","MW89-4615",7,"B7","Thiamethoxam",10,"uM","iNFA_20220209_MW89-4615_07_(000)_Compiler.csv",20.668918
"20220209","MW89-4615",7,"B8","Thiamethoxam",30,"uM","iNFA_20220209_MW89-4615_07_(000)_Compiler.csv",19.330197
"20220209","MW89-4615",7,"C1","Tributyltin Chloride",1e-04,"uM","iNFA_20220209_MW89-4615_07_(000)_Compiler.csv",18.772632
"20220209","MW89-4615",7,"C2","DMSO",0,"uM","iNFA_20220209_MW89-4615_07_(000)_Compiler.csv",20.506934
"20220209","MW89-4615",7,"C3","Tributyltin Chloride",3e-04,"uM","iNFA_20220209_MW89-4615_07_(000)_Compiler.csv",15.634652
"20220209","MW89-4615",7,"C4","Tributyltin Chloride",0.001,"uM","iNFA_20220209_MW89-4615_07_(000)_Compiler.csv",23.125725
"20220209","MW89-4615",7,"C5","Tributyltin Chloride",0.003,"uM","iNFA_20220209_MW89-4615_07_(000)_Compiler.csv",18.219571
"20220209","MW89-4615",7,"C6","Tributyltin Chloride",0.01,"uM","iNFA_20220209_MW89-4615_07_(000)_Compiler.csv",20.847819
"20220209","MW89-4615",7,"C7","Tributyltin Chloride",0.03,"uM","iNFA_20220209_MW89-4615_07_(000)_Compiler.csv",22.850079
"20220209","MW89-4615",7,"C8","Tributyltin Chloride",0.1,"uM","iNFA_20220209_MW89-4615_07_(000)_Compiler.csv",6.298884
"20220209","MW89-4615",7,"D1","Rotenone",3e-05,"uM","iNFA_20220209_MW89-4615_07_(000)_Compiler.csv",17.44095
"20220209","MW89-4615",7,"D2","DMSO",0,"uM","iNFA_20220209_MW89-4615_07_(000)_Compiler.csv",21.527131
"20220209","MW89-4615",7,"D3","Rotenone",1e-04,"uM","iNFA_20220209_MW89-4615_07_(000)_Compiler.csv",19.807595
"20220209","MW89-4615",7,"D4","Rotenone",3e-04,"uM","iNFA_20220209_MW89-4615_07_(000)_Compiler.csv",18.648352
"20220209","MW89-4615",7,"D5","Rotenone",0.001,"uM","iNFA_20220209_MW89-4615_07_(000)_Compiler.csv",19.91442
"20220209","MW89-4615",7,"D6","Rotenone",0.003,"uM","iNFA_20220209_MW89-4615_07_(000)_Compiler.csv",20.302951
"20220209","MW89-4615",7,"D7","Rotenone",0.01,"uM","iNFA_20220209_MW89-4615_07_(000)_Compiler.csv",18.229093
"20220209","MW89-4615",7,"D8","Rotenone",0.03,"uM","iNFA_20220209_MW89-4615_07_(000)_Compiler.csv",20.654921
"20220209","MW89-4615",7,"E1","Glyphosate",0.03,"uM","iNFA_20220209_MW89-4615_07_(000)_Compiler.csv",16.273365
"20220209","MW89-4615",7,"E2","H2O",0,"uM","iNFA_20220209_MW89-4615_07_(000)_Compiler.csv",19.766945
"20220209","MW89-4615",7,"E3","Glyphosate",0.1,"uM","iNFA_20220209_MW89-4615_07_(000)_Compiler.csv",20.202918
"20220209","MW89-4615",7,"E4","Glyphosate",0.3,"uM","iNFA_20220209_MW89-4615_07_(000)_Compiler.csv",21.261045
"20220209","MW89-4615",7,"E5","Glyphosate",1,"uM","iNFA_20220209_MW89-4615_07_(000)_Compiler.csv",18.469402
"20220209","MW89-4615",7,"E6","Glyphosate",3,"uM","iNFA_20220209_MW89-4615_07_(000)_Compiler.csv",18.761411
"20220209","MW89-4615",7,"E7","Glyphosate",10,"uM","iNFA_20220209_MW89-4615_07_(000)_Compiler.csv",18.768944
"20220209","MW89-4615",7,"E8","Glyphosate",30,"uM","iNFA_20220209_MW89-4615_07_(000)_Compiler.csv",18.442027
"20220209","MW89-4615",7,"F1","Lindane",0.03,"uM","iNFA_20220209_MW89-4615_07_(000)_Compiler.csv",15.846075
"20220209","MW89-4615",7,"F2","EtOH",0,"uM","iNFA_20220209_MW89-4615_07_(000)_Compiler.csv",18.661878
"20220209","MW89-4615",7,"F3","Lindane",0.1,"uM","iNFA_20220209_MW89-4615_07_(000)_Compiler.csv",17.294067
"20220209","MW89-4615",7,"F4","Lindane",0.3,"uM","iNFA_20220209_MW89-4615_07_(000)_Compiler.csv",15.501954
"20220209","MW89-4615",7,"F5","Lindane",1,"uM","iNFA_20220209_MW89-4615_07_(000)_Compiler.csv",10.588767
"20220209","MW89-4615",7,"F6","Lindane",3,"uM","iNFA_20220209_MW89-4615_07_(000)_Compiler.csv",15.236352
"20220209","MW89-4615",7,"F7","Lindane",10,"uM","iNFA_20220209_MW89-4615_07_(000)_Compiler.csv",13.084156
"20220209","MW89-4615",7,"F8","Lindane",30,"uM","iNFA_20220209_MW89-4615_07_(000)_Compiler.csv",15.024394
"20220209","MW89-4615",9,"A1","Deltamethrin",0.03,"uM","iNFA_20220209_MW89-4615_09_(000)_Compiler.csv",20.381042
"20220209","MW89-4615",9,"A2","EtOH:DMSO",0,"uM","iNFA_20220209_MW89-4615_09_(000)_Compiler.csv",18.457012
"20220209","MW89-4615",9,"A3","Deltamethrin",0.1,"uM","iNFA_20220209_MW89-4615_09_(000)_Compiler.csv",15.913665
"20220209","MW89-4615",9,"A4","Deltamethrin",0.3,"uM","iNFA_20220209_MW89-4615_09_(000)_Compiler.csv",17.329172
"20220209","MW89-4615",9,"A5","Deltamethrin",1,"uM","iNFA_20220209_MW89-4615_09_(000)_Compiler.csv",14.005154
"20220209","MW89-4615",9,"A6","Deltamethrin",3,"uM","iNFA_20220209_MW89-4615_09_(000)_Compiler.csv",15.677538
"20220209","MW89-4615",9,"A7","Deltamethrin",10,"uM","iNFA_20220209_MW89-4615_09_(000)_Compiler.csv",20.670809
"20220209","MW89-4615",9,"A8","Deltamethrin",30,"uM","iNFA_20220209_MW89-4615_09_(000)_Compiler.csv",21.094291
"20220209","MW89-4615",9,"B1","Thiamethoxam",0.03,"uM","iNFA_20220209_MW89-4615_09_(000)_Compiler.csv",16.307667
"20220209","MW89-4615",9,"B2","DMSO",0,"uM","iNFA_20220209_MW89-4615_09_(000)_Compiler.csv",16.998302
"20220209","MW89-4615",9,"B3","Thiamethoxam",0.1,"uM","iNFA_20220209_MW89-4615_09_(000)_Compiler.csv",15.062261
"20220209","MW89-4615",9,"B4","Thiamethoxam",0.3,"uM","iNFA_20220209_MW89-4615_09_(000)_Compiler.csv",18.927117
"20220209","MW89-4615",9,"B5","Thiamethoxam",1,"uM","iNFA_20220209_MW89-4615_09_(000)_Compiler.csv",14.669195
"20220209","MW89-4615",9,"B6","Thiamethoxam",3,"uM","iNFA_20220209_MW89-4615_09_(000)_Compiler.csv",15.764626
"20220209","MW89-4615",9,"B7","Thiamethoxam",10,"uM","iNFA_20220209_MW89-4615_09_(000)_Compiler.csv",17.770857
"20220209","MW89-4615",9,"B8","Thiamethoxam",30,"uM","iNFA_20220209_MW89-4615_09_(000)_Compiler.csv",18.973295
"20220209","MW89-4615",9,"C1","Tributyltin Chloride",1e-04,"uM","iNFA_20220209_MW89-4615_09_(000)_Compiler.csv",16.066628
"20220209","MW89-4615",9,"C2","DMSO",0,"uM","iNFA_20220209_MW89-4615_09_(000)_Compiler.csv",17.070998
"20220209","MW89-4615",9,"C3","Tributyltin Chloride",3e-04,"uM","iNFA_20220209_MW89-4615_09_(000)_Compiler.csv",13.872508
"20220209","MW89-4615",9,"C4","Tributyltin Chloride",0.001,"uM","iNFA_20220209_MW89-4615_09_(000)_Compiler.csv",21.936969
"20220209","MW89-4615",9,"C5","Tributyltin Chloride",0.003,"uM","iNFA_20220209_MW89-4615_09_(000)_Compiler.csv",15.539087
"20220209","MW89-4615",9,"C6","Tributyltin Chloride",0.01,"uM","iNFA_20220209_MW89-4615_09_(000)_Compiler.csv",17.415091
"20220209","MW89-4615",9,"C7","Tributyltin Chloride",0.03,"uM","iNFA_20220209_MW89-4615_09_(000)_Compiler.csv",21.291631
"20220209","MW89-4615",9,"C8","Tributyltin Chloride",0.1,"uM","iNFA_20220209_MW89-4615_09_(000)_Compiler.csv",0
"20220209","MW89-4615",9,"D1","Rotenone",3e-05,"uM","iNFA_20220209_MW89-4615_09_(000)_Compiler.csv",14.182848
"20220209","MW89-4615",9,"D2","DMSO",0,"uM","iNFA_20220209_MW89-4615_09_(000)_Compiler.csv",17.778812
"20220209","MW89-4615",9,"D3","Rotenone",1e-04,"uM","iNFA_20220209_MW89-4615_09_(000)_Compiler.csv",15.64558
"20220209","MW89-4615",9,"D4","Rotenone",3e-04,"uM","iNFA_20220209_MW89-4615_09_(000)_Compiler.csv",16.510233
"20220209","MW89-4615",9,"D5","Rotenone",0.001,"uM","iNFA_20220209_MW89-4615_09_(000)_Compiler.csv",18.168895
"20220209","MW89-4615",9,"D6","Rotenone",0.003,"uM","iNFA_20220209_MW89-4615_09_(000)_Compiler.csv",15.142306
"20220209","MW89-4615",9,"D7","Rotenone",0.01,"uM","iNFA_20220209_MW89-4615_09_(000)_Compiler.csv",14.469998
"20220209","MW89-4615",9,"D8","Rotenone",0.03,"uM","iNFA_20220209_MW89-4615_09_(000)_Compiler.csv",18.007989
"20220209","MW89-4615",9,"E1","Glyphosate",0.03,"uM","iNFA_20220209_MW89-4615_09_(000)_Compiler.csv",16.474913
"20220209","MW89-4615",9,"E2","H2O",0,"uM","iNFA_20220209_MW89-4615_09_(000)_Compiler.csv",17.813065
"20220209","MW89-4615",9,"E3","Glyphosate",0.1,"uM","iNFA_20220209_MW89-4615_09_(000)_Compiler.csv",15.208933
"20220209","MW89-4615",9,"E4","Glyphosate",0.3,"uM","iNFA_20220209_MW89-4615_09_(000)_Compiler.csv",17.866621
"20220209","MW89-4615",9,"E5","Glyphosate",1,"uM","iNFA_20220209_MW89-4615_09_(000)_Compiler.csv",16.677122
"20220209","MW89-4615",9,"E6","Glyphosate",3,"uM","iNFA_20220209_MW89-4615_09_(000)_Compiler.csv",15.41033
"20220209","MW89-4615",9,"E7","Glyphosate",10,"uM","iNFA_20220209_MW89-4615_09_(000)_Compiler.csv",15.277482
"20220209","MW89-4615",9,"E8","Glyphosate",30,"uM","iNFA_20220209_MW89-4615_09_(000)_Compiler.csv",13.494372
"20220209","MW89-4615",9,"F1","Lindane",0.03,"uM","iNFA_20220209_MW89-4615_09_(000)_Compiler.csv",17.262301
"20220209","MW89-4615",9,"F2","EtOH",0,"uM","iNFA_20220209_MW89-4615_09_(000)_Compiler.csv",14.138305
"20220209","MW89-4615",9,"F3","Lindane",0.1,"uM","iNFA_20220209_MW89-4615_09_(000)_Compiler.csv",14.921293
"20220209","MW89-4615",9,"F4","Lindane",0.3,"uM","iNFA_20220209_MW89-4615_09_(000)_Compiler.csv",15.594174
"20220209","MW89-4615",9,"F5","Lindane",1,"uM","iNFA_20220209_MW89-4615_09_(000)_Compiler.csv",10.625585
"20220209","MW89-4615",9,"F6","Lindane",3,"uM","iNFA_20220209_MW89-4615_09_(000)_Compiler.csv",13.790371
"20220209","MW89-4615",9,"F7","Lindane",10,"uM","iNFA_20220209_MW89-4615_09_(000)_Compiler.csv",10.747432
"20220209","MW89-4615",9,"F8","Lindane",30,"uM","iNFA_20220209_MW89-4615_09_(000)_Compiler.csv",14.166038
"20220209","MW89-4615",12,"A1","Deltamethrin",0.03,"uM","iNFA_20220209_MW89-4615_12_(000)_Compiler.csv",20.502301
"20220209","MW89-4615",12,"A2","EtOH:DMSO",0,"uM","iNFA_20220209_MW89-4615_12_(000)_Compiler.csv",17.651435
"20220209","MW89-4615",12,"A3","Deltamethrin",0.1,"uM","iNFA_20220209_MW89-4615_12_(000)_Compiler.csv",16.870775
"20220209","MW89-4615",12,"A4","Deltamethrin",0.3,"uM","iNFA_20220209_MW89-4615_12_(000)_Compiler.csv",16.901706
"20220209","MW89-4615",12,"A5","Deltamethrin",1,"uM","iNFA_20220209_MW89-4615_12_(000)_Compiler.csv",16.551456
"20220209","MW89-4615",12,"A6","Deltamethrin",3,"uM","iNFA_20220209_MW89-4615_12_(000)_Compiler.csv",17.713346
"20220209","MW89-4615",12,"A7","Deltamethrin",10,"uM","iNFA_20220209_MW89-4615_12_(000)_Compiler.csv",22.134555
"20220209","MW89-4615",12,"A8","Deltamethrin",30,"uM","iNFA_20220209_MW89-4615_12_(000)_Compiler.csv",17.593317
"20220209","MW89-4615",12,"B1","Thiamethoxam",0.03,"uM","iNFA_20220209_MW89-4615_12_(000)_Compiler.csv",16.428663
"20220209","MW89-4615",12,"B2","DMSO",0,"uM","iNFA_20220209_MW89-4615_12_(000)_Compiler.csv",18.124995
"20220209","MW89-4615",12,"B3","Thiamethoxam",0.1,"uM","iNFA_20220209_MW89-4615_12_(000)_Compiler.csv",13.918076
"20220209","MW89-4615",12,"B4","Thiamethoxam",0.3,"uM","iNFA_20220209_MW89-4615_12_(000)_Compiler.csv",16.643236
"20220209","MW89-4615",12,"B5","Thiamethoxam",1,"uM","iNFA_20220209_MW89-4615_12_(000)_Compiler.csv",14.655562
"20220209","MW89-4615",12,"B6","Thiamethoxam",3,"uM","iNFA_20220209_MW89-4615_12_(000)_Compiler.csv",14.926107
"20220209","MW89-4615",12,"B7","Thiamethoxam",10,"uM","iNFA_20220209_MW89-4615_12_(000)_Compiler.csv",16.014657
"20220209","MW89-4615",12,"B8","Thiamethoxam",30,"uM","iNFA_20220209_MW89-4615_12_(000)_Compiler.csv",19.12602
"20220209","MW89-4615",12,"C1","Tributyltin Chloride",1e-04,"uM","iNFA_20220209_MW89-4615_12_(000)_Compiler.csv",15.196554
"20220209","MW89-4615",12,"C2","DMSO",0,"uM","iNFA_20220209_MW89-4615_12_(000)_Compiler.csv",14.789109
"20220209","MW89-4615",12,"C3","Tributyltin Chloride",3e-04,"uM","iNFA_20220209_MW89-4615_12_(000)_Compiler.csv",12.401469
"20220209","MW89-4615",12,"C4","Tributyltin Chloride",0.001,"uM","iNFA_20220209_MW89-4615_12_(000)_Compiler.csv",17.145258
"20220209","MW89-4615",12,"C5","Tributyltin Chloride",0.003,"uM","iNFA_20220209_MW89-4615_12_(000)_Compiler.csv",14.71924
"20220209","MW89-4615",12,"C6","Tributyltin Chloride",0.01,"uM","iNFA_20220209_MW89-4615_12_(000)_Compiler.csv",16.727344
"20220209","MW89-4615",12,"C7","Tributyltin Chloride",0.03,"uM","iNFA_20220209_MW89-4615_12_(000)_Compiler.csv",23.119319
"20220209","MW89-4615",12,"C8","Tributyltin Chloride",0.1,"uM","iNFA_20220209_MW89-4615_12_(000)_Compiler.csv",0
"20220209","MW89-4615",12,"D1","Rotenone",3e-05,"uM","iNFA_20220209_MW89-4615_12_(000)_Compiler.csv",17.16419
"20220209","MW89-4615",12,"D2","DMSO",0,"uM","iNFA_20220209_MW89-4615_12_(000)_Compiler.csv",16.612387
"20220209","MW89-4615",12,"D3","Rotenone",1e-04,"uM","iNFA_20220209_MW89-4615_12_(000)_Compiler.csv",14.825137
"20220209","MW89-4615",12,"D4","Rotenone",3e-04,"uM","iNFA_20220209_MW89-4615_12_(000)_Compiler.csv",14.706234
"20220209","MW89-4615",12,"D5","Rotenone",0.001,"uM","iNFA_20220209_MW89-4615_12_(000)_Compiler.csv",14.974327
"20220209","MW89-4615",12,"D6","Rotenone",0.003,"uM","iNFA_20220209_MW89-4615_12_(000)_Compiler.csv",13.9244
"20220209","MW89-4615",12,"D7","Rotenone",0.01,"uM","iNFA_20220209_MW89-4615_12_(000)_Compiler.csv",13.819471
"20220209","MW89-4615",12,"D8","Rotenone",0.03,"uM","iNFA_20220209_MW89-4615_12_(000)_Compiler.csv",17.290662
"20220209","MW89-4615",12,"E1","Glyphosate",0.03,"uM","iNFA_20220209_MW89-4615_12_(000)_Compiler.csv",16.889905
"20220209","MW89-4615",12,"E2","H2O",0,"uM","iNFA_20220209_MW89-4615_12_(000)_Compiler.csv",17.824747
"20220209","MW89-4615",12,"E3","Glyphosate",0.1,"uM","iNFA_20220209_MW89-4615_12_(000)_Compiler.csv",14.781459
"20220209","MW89-4615",12,"E4","Glyphosate",0.3,"uM","iNFA_20220209_MW89-4615_12_(000)_Compiler.csv",16.977529
"20220209","MW89-4615",12,"E5","Glyphosate",1,"uM","iNFA_20220209_MW89-4615_12_(000)_Compiler.csv",16.001481
"20220209","MW89-4615",12,"E6","Glyphosate",3,"uM","iNFA_20220209_MW89-4615_12_(000)_Compiler.csv",16.501573
"20220209","MW89-4615",12,"E7","Glyphosate",10,"uM","iNFA_20220209_MW89-4615_12_(000)_Compiler.csv",15.054818
"20220209","MW89-4615",12,"E8","Glyphosate",30,"uM","iNFA_20220209_MW89-4615_12_(000)_Compiler.csv",15.466889
"20220209","MW89-4615",12,"F1","Lindane",0.03,"uM","iNFA_20220209_MW89-4615_12_(000)_Compiler.csv",15.628727
"20220209","MW89-4615",12,"F2","EtOH",0,"uM","iNFA_20220209_MW89-4615_12_(000)_Compiler.csv",20.06839
"20220209","MW89-4615",12,"F3","Lindane",0.1,"uM","iNFA_20220209_MW89-4615_12_(000)_Compiler.csv",19.719513
"20220209","MW89-4615",12,"F4","Lindane",0.3,"uM","iNFA_20220209_MW89-4615_12_(000)_Compiler.csv",15.931451
"20220209","MW89-4615",12,"F5","Lindane",1,"uM","iNFA_20220209_MW89-4615_12_(000)_Compiler.csv",13.892094
"20220209","MW89-4615",12,"F6","Lindane",3,"uM","iNFA_20220209_MW89-4615_12_(000)_Compiler.csv",15.850616
"20220209","MW89-4615",12,"F7","Lindane",10,"uM","iNFA_20220209_MW89-4615_12_(000)_Compiler.csv",12.449573
"20220209","MW89-4615",12,"F8","Lindane",30,"uM","iNFA_20220209_MW89-4615_12_(000)_Compiler.csv",14.454212
