"mea_treatment_name","dataset","dsstox_substance_id","spid_chosen","available_spids","filename","ALIQUOT_PLATE_BARCODE","verification"
"2-Methoxyethanol","NTP91","DTXSID5024182","EX000282","EX000282","Copy of NTP91_Compounds_4NHEERL_MEA_dev_cg.xlsx",NA,"all NTP91 spids taken from 'Copy of NTP91_Compounds_4NHEERL_MEA_dev_cg.xlsx'"
"2-Methoxyethanol","NTP91","DTXSID5024182","EX000282","EX000443","EPA_ES202_EPA-Shafer_103_20191218_key.xlsx","HTP_LOG","all NTP91 spids taken from 'Copy of NTP91_Compounds_4NHEERL_MEA_dev_cg.xlsx'"
"2244 Tetrabromodiphenyl ether","NTP91","DTXSID3030056","EX000285","EX000285","Copy of NTP91_Compounds_4NHEERL_MEA_dev_cg.xlsx",NA,"all NTP91 spids taken from 'Copy of NTP91_Compounds_4NHEERL_MEA_dev_cg.xlsx'"
"2244 Tetrabromodiphenyl ether","NTP91","DTXSID3030056","EX000285","EX000461","EPA_ES202_EPA-Shafer_103_20191218_key.xlsx","HTP_LOG","all NTP91 spids taken from 'Copy of NTP91_Compounds_4NHEERL_MEA_dev_cg.xlsx'"
"Acetylsalicylic acid","NTP91","DTXSID5020108","EX000297","EPAPLT0167G04","All Assays_list_toxcast_OECD 20190524.xlsx",NA,"all NTP91 spids taken from 'Copy of NTP91_Compounds_4NHEERL_MEA_dev_cg.xlsx'"
"Acetylsalicylic acid","NTP91","DTXSID5020108","EX000297","EX000297","Copy of NTP91_Compounds_4NHEERL_MEA_dev_cg.xlsx",NA,"all NTP91 spids taken from 'Copy of NTP91_Compounds_4NHEERL_MEA_dev_cg.xlsx'"
"Acetylsalicylic acid","NTP91","DTXSID5020108","EX000297","TP0001649G04","EPA_12088_EPA-Shafer_96misc_75ul_20160826_key.xlsx","TP0001649","all NTP91 spids taken from 'Copy of NTP91_Compounds_4NHEERL_MEA_dev_cg.xlsx'"
"Anthracene","NTP91","DTXSID0023878","EX000301","EPAPLT0167C05","All Assays_list_toxcast_OECD 20190524.xlsx",NA,"all NTP91 spids taken from 'Copy of NTP91_Compounds_4NHEERL_MEA_dev_cg.xlsx'"
"Anthracene","NTP91","DTXSID0023878","EX000301","EX000301","Copy of NTP91_Compounds_4NHEERL_MEA_dev_cg.xlsx",NA,"all NTP91 spids taken from 'Copy of NTP91_Compounds_4NHEERL_MEA_dev_cg.xlsx'"
"Benzo a pyrene","NTP91","DTXSID2020139","EX000304","EX000304","Copy of NTP91_Compounds_4NHEERL_MEA_dev_cg.xlsx",NA,"all NTP91 spids taken from 'Copy of NTP91_Compounds_4NHEERL_MEA_dev_cg.xlsx'"
"Benzo a pyrene","NTP91","DTXSID2020139","EX000304","EX000448","EPA_ES202_EPA-Shafer_103_20191218_key.xlsx","HTP_LOG","all NTP91 spids taken from 'Copy of NTP91_Compounds_4NHEERL_MEA_dev_cg.xlsx'"
"Bisphenol AF","NTP91","DTXSID7037717","EX000313","EX000313","Copy of NTP91_Compounds_4NHEERL_MEA_dev_cg.xlsx",NA,"all NTP91 spids taken from 'Copy of NTP91_Compounds_4NHEERL_MEA_dev_cg.xlsx'"
"Bisphenol AF","NTP91","DTXSID7037717","EX000313","TP0001649A01","EPA_12088_EPA-Shafer_96misc_75ul_20160826_key.xlsx","TP0001649","all NTP91 spids taken from 'Copy of NTP91_Compounds_4NHEERL_MEA_dev_cg.xlsx'"
"Captan","NTP91","DTXSID9020243","EX000316","EX000316","Copy of NTP91_Compounds_4NHEERL_MEA_dev_cg.xlsx",NA,"all NTP91 spids taken from 'Copy of NTP91_Compounds_4NHEERL_MEA_dev_cg.xlsx'"
"Captan","NTP91","DTXSID9020243","EX000316","TP0001649F11","EPA_12088_EPA-Shafer_96misc_75ul_20160826_key.xlsx","TP0001649","all NTP91 spids taken from 'Copy of NTP91_Compounds_4NHEERL_MEA_dev_cg.xlsx'"
"Carbamic acid,Carbamic acid butyl 3iodo2propynyl ester","NTP91","DTXSID0028038","EX000317","EX000317","Copy of NTP91_Compounds_4NHEERL_MEA_dev_cg.xlsx",NA,"all NTP91 spids taken from 'Copy of NTP91_Compounds_4NHEERL_MEA_dev_cg.xlsx'"
"Carbamic acid,Carbamic acid butyl 3iodo2propynyl ester","NTP91","DTXSID0028038","EX000317","EX000317","Copy of NTP91_Compounds_4NHEERL_MEA_dev_cg.xlsx",NA,"all NTP91 spids taken from 'Copy of NTP91_Compounds_4NHEERL_MEA_dev_cg.xlsx'"
"Carbamic acid,Carbamic acid butyl 3iodo2propynyl ester","NTP91","DTXSID0028038","EX000317","TP0001649E01","EPA_12088_EPA-Shafer_96misc_75ul_20160826_key.xlsx","TP0001649","all NTP91 spids taken from 'Copy of NTP91_Compounds_4NHEERL_MEA_dev_cg.xlsx'"
"Carbamic acid,Carbamic acid butyl 3iodo2propynyl ester","NTP91","DTXSID0028038","EX000317","TP0001649E01","EPA_12088_EPA-Shafer_96misc_75ul_20160826_key.xlsx","TP0001649","all NTP91 spids taken from 'Copy of NTP91_Compounds_4NHEERL_MEA_dev_cg.xlsx'"
"D Glucitol","NTP91","DTXSID5023588","EX000322","EPAPLT0169A05","All Assays_list_toxcast_OECD 20190524.xlsx",NA,"all NTP91 spids taken from 'Copy of NTP91_Compounds_4NHEERL_MEA_dev_cg.xlsx'"
"D Glucitol","NTP91","DTXSID5023588","EX000322","EX000322","Copy of NTP91_Compounds_4NHEERL_MEA_dev_cg.xlsx",NA,"all NTP91 spids taken from 'Copy of NTP91_Compounds_4NHEERL_MEA_dev_cg.xlsx'"
"D Glucitol","NTP91","DTXSID5023588","EX000322","EX000400","EPA_ES202_EPA-Shafer_103_20191218_key.xlsx","HTP_LOG","all NTP91 spids taken from 'Copy of NTP91_Compounds_4NHEERL_MEA_dev_cg.xlsx'"
"Di 2ethylhexyl phthalate","NTP91","DTXSID5020607","EX000324","EX000324","Copy of NTP91_Compounds_4NHEERL_MEA_dev_cg.xlsx",NA,"all NTP91 spids taken from 'Copy of NTP91_Compounds_4NHEERL_MEA_dev_cg.xlsx'"
"Di 2ethylhexyl phthalate","NTP91","DTXSID5020607","EX000324","EX000422","EPA_ES202_EPA-Shafer_103_20191218_key.xlsx","HTP_LOG","all NTP91 spids taken from 'Copy of NTP91_Compounds_4NHEERL_MEA_dev_cg.xlsx'"
"Dichlorodiphenyltrichloroethane","NTP91","DTXSID4020375","EX000328","EX000328","Copy of NTP91_Compounds_4NHEERL_MEA_dev_cg.xlsx",NA,"all NTP91 spids taken from 'Copy of NTP91_Compounds_4NHEERL_MEA_dev_cg.xlsx'"
"Dichlorodiphenyltrichloroethane","NTP91","DTXSID4020375","EX000328","TP0001649D03","EPA_12088_EPA-Shafer_96misc_75ul_20160826_key.xlsx","TP0001649","all NTP91 spids taken from 'Copy of NTP91_Compounds_4NHEERL_MEA_dev_cg.xlsx'"
"Estradiol","NTP91","DTXSID0020573","EX000331","EX000331","Copy of NTP91_Compounds_4NHEERL_MEA_dev_cg.xlsx",NA,"all NTP91 spids taken from 'Copy of NTP91_Compounds_4NHEERL_MEA_dev_cg.xlsx'"
"Estradiol","NTP91","DTXSID0020573","EX000331","TP0001649G08","EPA_12088_EPA-Shafer_96misc_75ul_20160826_key.xlsx","TP0001649","all NTP91 spids taken from 'Copy of NTP91_Compounds_4NHEERL_MEA_dev_cg.xlsx'"
"Hexachlorophene","NTP91","DTXSID6020690","EX000335","EX000335","Copy of NTP91_Compounds_4NHEERL_MEA_dev_cg.xlsx",NA,"all NTP91 spids taken from 'Copy of NTP91_Compounds_4NHEERL_MEA_dev_cg.xlsx'"
"Hexachlorophene","NTP91","DTXSID6020690","EX000335","EX000392","EPA_ES202_EPA-Shafer_103_20191218_key.xlsx","HTP_LOG","all NTP91 spids taken from 'Copy of NTP91_Compounds_4NHEERL_MEA_dev_cg.xlsx'"
"Parathion","NTP91","DTXSID7021100","EX000345","EX000345","Copy of NTP91_Compounds_4NHEERL_MEA_dev_cg.xlsx",NA,"all NTP91 spids taken from 'Copy of NTP91_Compounds_4NHEERL_MEA_dev_cg.xlsx'"
"Parathion","NTP91","DTXSID7021100","EX000345","TP0001649B11","EPA_12088_EPA-Shafer_96misc_75ul_20160826_key.xlsx","TP0001649","all NTP91 spids taken from 'Copy of NTP91_Compounds_4NHEERL_MEA_dev_cg.xlsx'"
"Permethrin","NTP91","DTXSID8022292","EX000346","EX000346","Copy of NTP91_Compounds_4NHEERL_MEA_dev_cg.xlsx",NA,"all NTP91 spids taken from 'Copy of NTP91_Compounds_4NHEERL_MEA_dev_cg.xlsx'"
"Permethrin","NTP91","DTXSID8022292","EX000346","EX000463","EPA_ES202_EPA-Shafer_103_20191218_key.xlsx","HTP_LOG","all NTP91 spids taken from 'Copy of NTP91_Compounds_4NHEERL_MEA_dev_cg.xlsx'"
"Phenanthrene","NTP91","DTXSID6024254","EX000347","EX000347","Copy of NTP91_Compounds_4NHEERL_MEA_dev_cg.xlsx",NA,"all NTP91 spids taken from 'Copy of NTP91_Compounds_4NHEERL_MEA_dev_cg.xlsx'"
"Phenanthrene","NTP91","DTXSID6024254","EX000347","TP0001649D02","EPA_12088_EPA-Shafer_96misc_75ul_20160826_key.xlsx","TP0001649","all NTP91 spids taken from 'Copy of NTP91_Compounds_4NHEERL_MEA_dev_cg.xlsx'"
"Rotenone","NTP91","DTXSID6021248","EX000352","EX000352","Copy of NTP91_Compounds_4NHEERL_MEA_dev_cg.xlsx",NA,"all NTP91 spids taken from 'Copy of NTP91_Compounds_4NHEERL_MEA_dev_cg.xlsx'"
"Rotenone","NTP91","DTXSID6021248","EX000352","TP0001649H01","EPA_12088_EPA-Shafer_96misc_75ul_20160826_key.xlsx","TP0001649","all NTP91 spids taken from 'Copy of NTP91_Compounds_4NHEERL_MEA_dev_cg.xlsx'"
"tert Butylphenyl diphenyl phosphate","NTP91","DTXSID6024701","EX000355","EPAPLT0169B03","All Assays_list_toxcast_OECD 20190524.xlsx",NA,"all NTP91 spids taken from 'Copy of NTP91_Compounds_4NHEERL_MEA_dev_cg.xlsx'"
"tert Butylphenyl diphenyl phosphate","NTP91","DTXSID6024701","EX000355","EX000355","Copy of NTP91_Compounds_4NHEERL_MEA_dev_cg.xlsx",NA,"all NTP91 spids taken from 'Copy of NTP91_Compounds_4NHEERL_MEA_dev_cg.xlsx'"
"Tetraethylthiuram disulfide","NTP91","DTXSID1021322","EX000356","EX000356","Copy of NTP91_Compounds_4NHEERL_MEA_dev_cg.xlsx",NA,"all NTP91 spids taken from 'Copy of NTP91_Compounds_4NHEERL_MEA_dev_cg.xlsx'"
"Tetraethylthiuram disulfide","NTP91","DTXSID1021322","EX000356","TP0001649E11","EPA_12088_EPA-Shafer_96misc_75ul_20160826_key.xlsx","TP0001649","all NTP91 spids taken from 'Copy of NTP91_Compounds_4NHEERL_MEA_dev_cg.xlsx'"
"Tris 2chloroisopropyl phosphate","NTP91","DTXSID5026259","EX000364","EPAPLT0167C08","All Assays_list_toxcast_OECD 20190524.xlsx",NA,"all NTP91 spids taken from 'Copy of NTP91_Compounds_4NHEERL_MEA_dev_cg.xlsx'"
"Tris 2chloroisopropyl phosphate","NTP91","DTXSID5026259","EX000364","EX000364","Copy of NTP91_Compounds_4NHEERL_MEA_dev_cg.xlsx",NA,"all NTP91 spids taken from 'Copy of NTP91_Compounds_4NHEERL_MEA_dev_cg.xlsx'"
"4 Glufosinate-P Technical","DNTGF2019","DTXSID401020544","EX000372","EX000372","EPA_ES202_EPA-Shafer_103_20191218_key.xlsx","HTP_LOG","correct spid identified by aliquot well"
"4 Glufosinate-P Technical","DNTGF2019","DTXSID401020544","EX000372","EX000373","EPA_ES202_EPA-Shafer_103_20191218_key.xlsx","HTP_LOG","correct spid identified by aliquot well"
"3 Glufosinate-P Technical","DNTGF2019","DTXSID401020544","EX000373","EX000372","EPA_ES202_EPA-Shafer_103_20191218_key.xlsx","HTP_LOG","correct spid identified by aliquot well"
"3 Glufosinate-P Technical","DNTGF2019","DTXSID401020544","EX000373","EX000373","EPA_ES202_EPA-Shafer_103_20191218_key.xlsx","HTP_LOG","correct spid identified by aliquot well"
"Chlorpyrifos oxon","Frank2017","DTXSID1038666","EX000378","EX000375","EPA_ES202_EPA-Shafer_103_20191218_key.xlsx","HTP_LOG","taken from 4th sample in 'EPA_ES202_EPA-Shafer_103_20191218_key.xlsx'"
"Chlorpyrifos oxon","Frank2017","DTXSID1038666","EX000378","EX000376","EPA_ES202_EPA-Shafer_103_20191218_key.xlsx","HTP_LOG","taken from 4th sample in 'EPA_ES202_EPA-Shafer_103_20191218_key.xlsx'"
"Chlorpyrifos oxon","Frank2017","DTXSID1038666","EX000378","EX000377","EPA_ES202_EPA-Shafer_103_20191218_key.xlsx","HTP_LOG","taken from 4th sample in 'EPA_ES202_EPA-Shafer_103_20191218_key.xlsx'"
"Chlorpyrifos oxon","Frank2017","DTXSID1038666","EX000378","EX000378","EPA_ES202_EPA-Shafer_103_20191218_key.xlsx","HTP_LOG","taken from 4th sample in 'EPA_ES202_EPA-Shafer_103_20191218_key.xlsx'"
"Chlorpyrifos oxon","Frank2017","DTXSID1038666","EX000378","EX000379","EPA_ES202_EPA-Shafer_103_20191218_key.xlsx","HTP_LOG","taken from 4th sample in 'EPA_ES202_EPA-Shafer_103_20191218_key.xlsx'"
"Chlorpyrifos oxon","Frank2017","DTXSID1038666","EX000378","TT0000177G02","EPA_11118_EPA-Mundy_27FR_100mM_20150701_cg.xlsx","TT0000177","taken from 4th sample in 'EPA_ES202_EPA-Shafer_103_20191218_key.xlsx'"
"Methylmercury","Frank2017","DTXSID5020813","EX000383","EX000342","Copy of NTP91_Compounds_4NHEERL_MEA_dev_cg.xlsx",NA,"all Frank2017 spids default to 'EPA_ES202_EPA-Shafer_103_20191218_key.xlsx' or 'EPA_ES204_EPA-Shafer_12_20200117_key.xlsx'"
"Methylmercury","Frank2017","DTXSID5020813","EX000383","EX000383","EPA_ES202_EPA-Shafer_103_20191218_key.xlsx","HTP_LOG","all Frank2017 spids default to 'EPA_ES202_EPA-Shafer_103_20191218_key.xlsx' or 'EPA_ES204_EPA-Shafer_12_20200117_key.xlsx'"
"Chlorpyrifos","Frank2017","DTXSID4020458","EX000384","EX000319","Copy of NTP91_Compounds_4NHEERL_MEA_dev_cg.xlsx",NA,"all Frank2017 spids default to 'EPA_ES202_EPA-Shafer_103_20191218_key.xlsx' or 'EPA_ES204_EPA-Shafer_12_20200117_key.xlsx'"
"Chlorpyrifos","Frank2017","DTXSID4020458","EX000384","EX000384","EPA_ES202_EPA-Shafer_103_20191218_key.xlsx","HTP_LOG","all Frank2017 spids default to 'EPA_ES202_EPA-Shafer_103_20191218_key.xlsx' or 'EPA_ES204_EPA-Shafer_12_20200117_key.xlsx'"
"Chlorpyrifos","Frank2017","DTXSID4020458","EX000384","TT0000177E02","EPA_11118_EPA-Mundy_27FR_100mM_20150701_cg.xlsx","TT0000177","all Frank2017 spids default to 'EPA_ES202_EPA-Shafer_103_20191218_key.xlsx' or 'EPA_ES204_EPA-Shafer_12_20200117_key.xlsx'"
"Lead acetate","Frank2017","DTXSID3031521","EX000385","EX000339","Copy of NTP91_Compounds_4NHEERL_MEA_dev_cg.xlsx",NA,"all Frank2017 spids default to 'EPA_ES202_EPA-Shafer_103_20191218_key.xlsx' or 'EPA_ES204_EPA-Shafer_12_20200117_key.xlsx'"
"Lead acetate","Frank2017","DTXSID3031521","EX000385","EX000385","EPA_ES202_EPA-Shafer_103_20191218_key.xlsx","HTP_LOG","all Frank2017 spids default to 'EPA_ES202_EPA-Shafer_103_20191218_key.xlsx' or 'EPA_ES204_EPA-Shafer_12_20200117_key.xlsx'"
"Tebuconazole","Frank2017","DTXSID9032113","EX000389","EX000354","Copy of NTP91_Compounds_4NHEERL_MEA_dev_cg.xlsx",NA,"all Frank2017 spids default to 'EPA_ES202_EPA-Shafer_103_20191218_key.xlsx' or 'EPA_ES204_EPA-Shafer_12_20200117_key.xlsx'"
"Tebuconazole","Frank2017","DTXSID9032113","EX000389","EX000389","EPA_ES202_EPA-Shafer_103_20191218_key.xlsx","HTP_LOG","all Frank2017 spids default to 'EPA_ES202_EPA-Shafer_103_20191218_key.xlsx' or 'EPA_ES204_EPA-Shafer_12_20200117_key.xlsx'"
"Hexachlorophene","Frank2017","DTXSID6020690","EX000392","EX000335","Copy of NTP91_Compounds_4NHEERL_MEA_dev_cg.xlsx",NA,"all Frank2017 spids default to 'EPA_ES202_EPA-Shafer_103_20191218_key.xlsx' or 'EPA_ES204_EPA-Shafer_12_20200117_key.xlsx'"
"Hexachlorophene","Frank2017","DTXSID6020690","EX000392","EX000392","EPA_ES202_EPA-Shafer_103_20191218_key.xlsx","HTP_LOG","all Frank2017 spids default to 'EPA_ES202_EPA-Shafer_103_20191218_key.xlsx' or 'EPA_ES204_EPA-Shafer_12_20200117_key.xlsx'"
"Dexamethasone","Frank2017","DTXSID3020384","EX000395","EPAPLT0169F08","All Assays_list_toxcast_OECD 20190524.xlsx",NA,"our best guess is 2nd sample in 'EPA_ES202_EPA-Shafer_103_20191218_key.xlsx'"
"Dexamethasone","Frank2017","DTXSID3020384","EX000395","EX000394","EPA_ES202_EPA-Shafer_103_20191218_key.xlsx","HTP_LOG","our best guess is 2nd sample in 'EPA_ES202_EPA-Shafer_103_20191218_key.xlsx'"
"Dexamethasone","Frank2017","DTXSID3020384","EX000395","EX000395","EPA_ES202_EPA-Shafer_103_20191218_key.xlsx","HTP_LOG","our best guess is 2nd sample in 'EPA_ES202_EPA-Shafer_103_20191218_key.xlsx'"
"Caffeine","Frank2017","DTXSID0020232","EX000396","EX000315","Copy of NTP91_Compounds_4NHEERL_MEA_dev_cg.xlsx",NA,"all Frank2017 spids default to 'EPA_ES202_EPA-Shafer_103_20191218_key.xlsx' or 'EPA_ES204_EPA-Shafer_12_20200117_key.xlsx'"
"Caffeine","Frank2017","DTXSID0020232","EX000396","EX000396","EPA_ES202_EPA-Shafer_103_20191218_key.xlsx","HTP_LOG","all Frank2017 spids default to 'EPA_ES202_EPA-Shafer_103_20191218_key.xlsx' or 'EPA_ES204_EPA-Shafer_12_20200117_key.xlsx'"
"Amoxacillin","Frank2017","DTXSID3037044","EX000399","EX000300","Copy of NTP91_Compounds_4NHEERL_MEA_dev_cg.xlsx",NA,"all Frank2017 spids default to 'EPA_ES202_EPA-Shafer_103_20191218_key.xlsx' or 'EPA_ES204_EPA-Shafer_12_20200117_key.xlsx'"
"Amoxacillin","Frank2017","DTXSID3037044","EX000399","EX000399","EPA_ES202_EPA-Shafer_103_20191218_key.xlsx","HTP_LOG","all Frank2017 spids default to 'EPA_ES202_EPA-Shafer_103_20191218_key.xlsx' or 'EPA_ES204_EPA-Shafer_12_20200117_key.xlsx'"
"Sorbitol","Frank2017","DTXSID5023588","EX000400","EPAPLT0169A05","All Assays_list_toxcast_OECD 20190524.xlsx",NA,"all Frank2017 spids default to 'EPA_ES202_EPA-Shafer_103_20191218_key.xlsx' or 'EPA_ES204_EPA-Shafer_12_20200117_key.xlsx'"
"Sorbitol","Frank2017","DTXSID5023588","EX000400","EX000322","Copy of NTP91_Compounds_4NHEERL_MEA_dev_cg.xlsx",NA,"all Frank2017 spids default to 'EPA_ES202_EPA-Shafer_103_20191218_key.xlsx' or 'EPA_ES204_EPA-Shafer_12_20200117_key.xlsx'"
"Sorbitol","Frank2017","DTXSID5023588","EX000400","EX000400","EPA_ES202_EPA-Shafer_103_20191218_key.xlsx","HTP_LOG","all Frank2017 spids default to 'EPA_ES202_EPA-Shafer_103_20191218_key.xlsx' or 'EPA_ES204_EPA-Shafer_12_20200117_key.xlsx'"
"Saccharin","Frank2017","DTXSID7021992","EX000403","EX000353","Copy of NTP91_Compounds_4NHEERL_MEA_dev_cg.xlsx",NA,"all Frank2017 spids default to 'EPA_ES202_EPA-Shafer_103_20191218_key.xlsx' or 'EPA_ES204_EPA-Shafer_12_20200117_key.xlsx'"
"Saccharin","Frank2017","DTXSID7021992","EX000403","EX000403","EPA_ES202_EPA-Shafer_103_20191218_key.xlsx","HTP_LOG","all Frank2017 spids default to 'EPA_ES202_EPA-Shafer_103_20191218_key.xlsx' or 'EPA_ES204_EPA-Shafer_12_20200117_key.xlsx'"
"Acetaminophen","Brown2014","DTXSID2020006","EX000404","EX000295","Copy of NTP91_Compounds_4NHEERL_MEA_dev_cg.xlsx",NA,"Lot # in lab notebook does not match lot # in Copy of NTP91_Compounds_4NHEERL_MEA_dev_cg.xlsx"
"Acetaminophen","Frank2017","DTXSID2020006","EX000404","EX000295","Copy of NTP91_Compounds_4NHEERL_MEA_dev_cg.xlsx",NA,"all Frank2017 spids default to 'EPA_ES202_EPA-Shafer_103_20191218_key.xlsx' or 'EPA_ES204_EPA-Shafer_12_20200117_key.xlsx'"
"Acetaminophen","PFAS2018","DTXSID2020006","EX000404","EX000295","Copy of NTP91_Compounds_4NHEERL_MEA_dev_cg.xlsx",NA,"Lot # in lab notebook does not match lot # in Copy of NTP91_Compounds_4NHEERL_MEA_dev_cg.xlsx"
"Acetaminophen","Brown2014","DTXSID2020006","EX000404","EX000404","EPA_ES202_EPA-Shafer_103_20191218_key.xlsx","HTP_LOG","Lot # in lab notebook does not match lot # in Copy of NTP91_Compounds_4NHEERL_MEA_dev_cg.xlsx"
"Acetaminophen","Frank2017","DTXSID2020006","EX000404","EX000404","EPA_ES202_EPA-Shafer_103_20191218_key.xlsx","HTP_LOG","all Frank2017 spids default to 'EPA_ES202_EPA-Shafer_103_20191218_key.xlsx' or 'EPA_ES204_EPA-Shafer_12_20200117_key.xlsx'"
"Acetaminophen","PFAS2018","DTXSID2020006","EX000404","EX000404","EPA_ES202_EPA-Shafer_103_20191218_key.xlsx","HTP_LOG","Lot # in lab notebook does not match lot # in Copy of NTP91_Compounds_4NHEERL_MEA_dev_cg.xlsx"
"Diazepam","Frank2017","DTXSID4020406","EX000409","EX000325","Copy of NTP91_Compounds_4NHEERL_MEA_dev_cg.xlsx",NA,"all Frank2017 spids default to 'EPA_ES202_EPA-Shafer_103_20191218_key.xlsx' or 'EPA_ES204_EPA-Shafer_12_20200117_key.xlsx'"
"Diazepam","Frank2017","DTXSID4020406","EX000409","EX000409","EPA_ES202_EPA-Shafer_103_20191218_key.xlsx","HTP_LOG","all Frank2017 spids default to 'EPA_ES202_EPA-Shafer_103_20191218_key.xlsx' or 'EPA_ES204_EPA-Shafer_12_20200117_key.xlsx'"
"5-Fluorouracil","Frank2017","DTXSID2020634","EX000412","EX000290","Copy of NTP91_Compounds_4NHEERL_MEA_dev_cg.xlsx",NA,"all Frank2017 spids default to 'EPA_ES202_EPA-Shafer_103_20191218_key.xlsx' or 'EPA_ES204_EPA-Shafer_12_20200117_key.xlsx'"
"5-Fluorouracil","Frank2017","DTXSID2020634","EX000412","EX000412","EPA_ES202_EPA-Shafer_103_20191218_key.xlsx","HTP_LOG","all Frank2017 spids default to 'EPA_ES202_EPA-Shafer_103_20191218_key.xlsx' or 'EPA_ES204_EPA-Shafer_12_20200117_key.xlsx'"
"Dieldrin","Frank2017","DTXSID9020453","EX000417","EX000329","Copy of NTP91_Compounds_4NHEERL_MEA_dev_cg.xlsx",NA,"all Frank2017 spids default to 'EPA_ES202_EPA-Shafer_103_20191218_key.xlsx' or 'EPA_ES204_EPA-Shafer_12_20200117_key.xlsx'"
"Dieldrin","Frank2017","DTXSID9020453","EX000417","EX000417","EPA_ES202_EPA-Shafer_103_20191218_key.xlsx","HTP_LOG","all Frank2017 spids default to 'EPA_ES202_EPA-Shafer_103_20191218_key.xlsx' or 'EPA_ES204_EPA-Shafer_12_20200117_key.xlsx'"
"Bisphenol A","Frank2017","DTXSID7020182","EX000420","EX000312","Copy of NTP91_Compounds_4NHEERL_MEA_dev_cg.xlsx",NA,"all Frank2017 spids default to 'EPA_ES202_EPA-Shafer_103_20191218_key.xlsx' or 'EPA_ES204_EPA-Shafer_12_20200117_key.xlsx'"
"Bisphenol A","PFAS2018","DTXSID7020182","EX000420","EX000312","Copy of NTP91_Compounds_4NHEERL_MEA_dev_cg.xlsx",NA,"Lot # in lab notebook does not match lot # in Copy of NTP91_Compounds_4NHEERL_MEA_dev_cg.xlsx"
"Bisphenol A","Frank2017","DTXSID7020182","EX000420","EX000420","EPA_ES202_EPA-Shafer_103_20191218_key.xlsx","HTP_LOG","all Frank2017 spids default to 'EPA_ES202_EPA-Shafer_103_20191218_key.xlsx' or 'EPA_ES204_EPA-Shafer_12_20200117_key.xlsx'"
"Bisphenol A","PFAS2018","DTXSID7020182","EX000420","EX000420","EPA_ES202_EPA-Shafer_103_20191218_key.xlsx","HTP_LOG","Lot # in lab notebook does not match lot # in Copy of NTP91_Compounds_4NHEERL_MEA_dev_cg.xlsx"
"Thiouracil","Frank2017","DTXSID5021209","EX000421","EX000292","Copy of NTP91_Compounds_4NHEERL_MEA_dev_cg.xlsx",NA,"all Frank2017 spids default to 'EPA_ES202_EPA-Shafer_103_20191218_key.xlsx' or 'EPA_ES204_EPA-Shafer_12_20200117_key.xlsx'"
"Thiouracil","Frank2017","DTXSID5021209","EX000421","EX000421","EPA_ES202_EPA-Shafer_103_20191218_key.xlsx","HTP_LOG","all Frank2017 spids default to 'EPA_ES202_EPA-Shafer_103_20191218_key.xlsx' or 'EPA_ES204_EPA-Shafer_12_20200117_key.xlsx'"
"Thiouracil","Frank2017","DTXSID5021209","EX000421","TP0001649B07","EPA_12088_EPA-Shafer_96misc_75ul_20160826_key.xlsx","TP0001649","all Frank2017 spids default to 'EPA_ES202_EPA-Shafer_103_20191218_key.xlsx' or 'EPA_ES204_EPA-Shafer_12_20200117_key.xlsx'"
"Bis (2-ethylhexyl) phthalate-DEHP,DEHP","Frank2017","DTXSID5020607","EX000422","EX000324","Copy of NTP91_Compounds_4NHEERL_MEA_dev_cg.xlsx",NA,"all Frank2017 spids default to 'EPA_ES202_EPA-Shafer_103_20191218_key.xlsx' or 'EPA_ES204_EPA-Shafer_12_20200117_key.xlsx'"
"Bis (2-ethylhexyl) phthalate-DEHP,DEHP","Frank2017","DTXSID5020607","EX000422","EX000422","EPA_ES202_EPA-Shafer_103_20191218_key.xlsx","HTP_LOG","all Frank2017 spids default to 'EPA_ES202_EPA-Shafer_103_20191218_key.xlsx' or 'EPA_ES204_EPA-Shafer_12_20200117_key.xlsx'"
"Deltamethrin","Frank2017","DTXSID8020381","EX000423","EX000323","Copy of NTP91_Compounds_4NHEERL_MEA_dev_cg.xlsx",NA,"all Frank2017 spids default to 'EPA_ES202_EPA-Shafer_103_20191218_key.xlsx' or 'EPA_ES204_EPA-Shafer_12_20200117_key.xlsx'"
"Deltamethrin","Frank2017","DTXSID8020381","EX000423","EX000423","EPA_ES202_EPA-Shafer_103_20191218_key.xlsx","HTP_LOG","all Frank2017 spids default to 'EPA_ES202_EPA-Shafer_103_20191218_key.xlsx' or 'EPA_ES204_EPA-Shafer_12_20200117_key.xlsx'"
"Acrylamide","Frank2017","DTXSID5020027","EX000427","EX000298","Copy of NTP91_Compounds_4NHEERL_MEA_dev_cg.xlsx",NA,"all Frank2017 spids default to 'EPA_ES202_EPA-Shafer_103_20191218_key.xlsx' or 'EPA_ES204_EPA-Shafer_12_20200117_key.xlsx'"
"Acrylamide","Frank2017","DTXSID5020027","EX000427","EX000427","EPA_ES202_EPA-Shafer_103_20191218_key.xlsx","HTP_LOG","all Frank2017 spids default to 'EPA_ES202_EPA-Shafer_103_20191218_key.xlsx' or 'EPA_ES204_EPA-Shafer_12_20200117_key.xlsx'"
"Aldicarb","Frank2017","DTXSID0039223","EX000429","EX000299","Copy of NTP91_Compounds_4NHEERL_MEA_dev_cg.xlsx",NA,"all Frank2017 spids default to 'EPA_ES202_EPA-Shafer_103_20191218_key.xlsx' or 'EPA_ES204_EPA-Shafer_12_20200117_key.xlsx'"
"Aldicarb","Frank2017","DTXSID0039223","EX000429","EX000429","EPA_ES202_EPA-Shafer_103_20191218_key.xlsx","HTP_LOG","all Frank2017 spids default to 'EPA_ES202_EPA-Shafer_103_20191218_key.xlsx' or 'EPA_ES204_EPA-Shafer_12_20200117_key.xlsx'"
"Colchicine","Frank2017","DTXSID5024845","EX000431","EX000321","Copy of NTP91_Compounds_4NHEERL_MEA_dev_cg.xlsx",NA,"all Frank2017 spids default to 'EPA_ES202_EPA-Shafer_103_20191218_key.xlsx' or 'EPA_ES204_EPA-Shafer_12_20200117_key.xlsx'"
"Colchicine","Frank2017","DTXSID5024845","EX000431","EX000431","EPA_ES202_EPA-Shafer_103_20191218_key.xlsx","HTP_LOG","all Frank2017 spids default to 'EPA_ES202_EPA-Shafer_103_20191218_key.xlsx' or 'EPA_ES204_EPA-Shafer_12_20200117_key.xlsx'"
"Diethylstilbestrol","Frank2017","DTXSID3020465","EX000432","EX000330","Copy of NTP91_Compounds_4NHEERL_MEA_dev_cg.xlsx",NA,"all Frank2017 spids default to 'EPA_ES202_EPA-Shafer_103_20191218_key.xlsx' or 'EPA_ES204_EPA-Shafer_12_20200117_key.xlsx'"
"Diethylstilbestrol","Frank2017","DTXSID3020465","EX000432","EX000432","EPA_ES202_EPA-Shafer_103_20191218_key.xlsx","HTP_LOG","all Frank2017 spids default to 'EPA_ES202_EPA-Shafer_103_20191218_key.xlsx' or 'EPA_ES204_EPA-Shafer_12_20200117_key.xlsx'"
"Valproate","Frank2017","DTXSID5037072","EX000439","EX000363","Copy of NTP91_Compounds_4NHEERL_MEA_dev_cg.xlsx",NA,"all Frank2017 spids default to 'EPA_ES202_EPA-Shafer_103_20191218_key.xlsx' or 'EPA_ES204_EPA-Shafer_12_20200117_key.xlsx'"
"Valproate","Frank2017","DTXSID5037072","EX000439","EX000439","EPA_ES202_EPA-Shafer_103_20191218_key.xlsx","HTP_LOG","all Frank2017 spids default to 'EPA_ES202_EPA-Shafer_103_20191218_key.xlsx' or 'EPA_ES204_EPA-Shafer_12_20200117_key.xlsx'"
"Thalidomide","Frank2017","DTXSID9022524","EX000440","EX000357","Copy of NTP91_Compounds_4NHEERL_MEA_dev_cg.xlsx",NA,"all Frank2017 spids default to 'EPA_ES202_EPA-Shafer_103_20191218_key.xlsx' or 'EPA_ES204_EPA-Shafer_12_20200117_key.xlsx'"
"Thalidomide","Frank2017","DTXSID9022524","EX000440","EX000440","EPA_ES202_EPA-Shafer_103_20191218_key.xlsx","HTP_LOG","all Frank2017 spids default to 'EPA_ES202_EPA-Shafer_103_20191218_key.xlsx' or 'EPA_ES204_EPA-Shafer_12_20200117_key.xlsx'"
"Methotrexate","Frank2017","DTXSID4020822","EX000445","EX000444","EPA_ES202_EPA-Shafer_103_20191218_key.xlsx","HTP_LOG","our best guess is 2nd sample in 'EPA_ES202_EPA-Shafer_103_20191218_key.xlsx'"
"Methotrexate","Frank2017","DTXSID4020822","EX000445","EX000445","EPA_ES202_EPA-Shafer_103_20191218_key.xlsx","HTP_LOG","our best guess is 2nd sample in 'EPA_ES202_EPA-Shafer_103_20191218_key.xlsx'"
"Hydroxyurea","Frank2017","DTXSID6025438","EX000446","EX000336","Copy of NTP91_Compounds_4NHEERL_MEA_dev_cg.xlsx",NA,"all Frank2017 spids default to 'EPA_ES202_EPA-Shafer_103_20191218_key.xlsx' or 'EPA_ES204_EPA-Shafer_12_20200117_key.xlsx'"
"Hydroxyurea","Frank2017","DTXSID6025438","EX000446","EX000446","EPA_ES202_EPA-Shafer_103_20191218_key.xlsx","HTP_LOG","all Frank2017 spids default to 'EPA_ES202_EPA-Shafer_103_20191218_key.xlsx' or 'EPA_ES204_EPA-Shafer_12_20200117_key.xlsx'"
"Bis(tri-n-butylin) oxide","Frank2017","DTXSID9020166","EX000447","EX000311","Copy of NTP91_Compounds_4NHEERL_MEA_dev_cg.xlsx",NA,"all Frank2017 spids default to 'EPA_ES202_EPA-Shafer_103_20191218_key.xlsx' or 'EPA_ES204_EPA-Shafer_12_20200117_key.xlsx'"
"Bis(tri-n-butylin) oxide","Frank2017","DTXSID9020166","EX000447","EX000447","EPA_ES202_EPA-Shafer_103_20191218_key.xlsx","HTP_LOG","all Frank2017 spids default to 'EPA_ES202_EPA-Shafer_103_20191218_key.xlsx' or 'EPA_ES204_EPA-Shafer_12_20200117_key.xlsx'"
"Phenobarbital","Frank2017","DTXSID0021123","EX000449","EX000349","Copy of NTP91_Compounds_4NHEERL_MEA_dev_cg.xlsx",NA,"all Frank2017 spids default to 'EPA_ES202_EPA-Shafer_103_20191218_key.xlsx' or 'EPA_ES204_EPA-Shafer_12_20200117_key.xlsx'"
"Phenobarbital","Frank2017","DTXSID0021123","EX000449","EX000449","EPA_ES202_EPA-Shafer_103_20191218_key.xlsx","HTP_LOG","all Frank2017 spids default to 'EPA_ES202_EPA-Shafer_103_20191218_key.xlsx' or 'EPA_ES204_EPA-Shafer_12_20200117_key.xlsx'"
"TBBPA,Tetrabromobisphenol A","Frank2017","DTXSID1026081","EX000454","EX000288","Copy of NTP91_Compounds_4NHEERL_MEA_dev_cg.xlsx",NA,"all Frank2017 spids default to 'EPA_ES202_EPA-Shafer_103_20191218_key.xlsx' or 'EPA_ES204_EPA-Shafer_12_20200117_key.xlsx'"
"TBBPA,Tetrabromobisphenol A","Frank2017","DTXSID1026081","EX000454","EX000454","EPA_ES202_EPA-Shafer_103_20191218_key.xlsx","HTP_LOG","all Frank2017 spids default to 'EPA_ES202_EPA-Shafer_103_20191218_key.xlsx' or 'EPA_ES204_EPA-Shafer_12_20200117_key.xlsx'"
"Captopril","Frank2017","DTXSID1037197","EX000456","EPAPLT0169G09","All Assays_list_toxcast_OECD 20190524.xlsx",NA,"all Frank2017 spids default to 'EPA_ES202_EPA-Shafer_103_20191218_key.xlsx' or 'EPA_ES204_EPA-Shafer_12_20200117_key.xlsx'"
"Captopril","Frank2017","DTXSID1037197","EX000456","EX000456","EPA_ES202_EPA-Shafer_103_20191218_key.xlsx","HTP_LOG","all Frank2017 spids default to 'EPA_ES202_EPA-Shafer_103_20191218_key.xlsx' or 'EPA_ES204_EPA-Shafer_12_20200117_key.xlsx'"
"PBDE-47","Frank2017","DTXSID3030056","EX000461","EX000285","Copy of NTP91_Compounds_4NHEERL_MEA_dev_cg.xlsx",NA,"all Frank2017 spids default to 'EPA_ES202_EPA-Shafer_103_20191218_key.xlsx' or 'EPA_ES204_EPA-Shafer_12_20200117_key.xlsx'"
"PBDE-47","Frank2017","DTXSID3030056","EX000461","EX000461","EPA_ES202_EPA-Shafer_103_20191218_key.xlsx","HTP_LOG","all Frank2017 spids default to 'EPA_ES202_EPA-Shafer_103_20191218_key.xlsx' or 'EPA_ES204_EPA-Shafer_12_20200117_key.xlsx'"
"Permethrin","Frank2017","DTXSID8022292","EX000463","EX000346","Copy of NTP91_Compounds_4NHEERL_MEA_dev_cg.xlsx",NA,"all Frank2017 spids default to 'EPA_ES202_EPA-Shafer_103_20191218_key.xlsx' or 'EPA_ES204_EPA-Shafer_12_20200117_key.xlsx'"
"Permethrin","Frank2017","DTXSID8022292","EX000463","EX000463","EPA_ES202_EPA-Shafer_103_20191218_key.xlsx","HTP_LOG","all Frank2017 spids default to 'EPA_ES202_EPA-Shafer_103_20191218_key.xlsx' or 'EPA_ES204_EPA-Shafer_12_20200117_key.xlsx'"
"Carbaryl","Frank2017","DTXSID9020247","EX000522","EPAPLT0167D01","All Assays_list_toxcast_OECD 20190524.xlsx",NA,"all Frank2017 spids default to 'EPA_ES202_EPA-Shafer_103_20191218_key.xlsx' or 'EPA_ES204_EPA-Shafer_12_20200117_key.xlsx'"
"Carbaryl","Frank2017","DTXSID9020247","EX000522","EX000318","Copy of NTP91_Compounds_4NHEERL_MEA_dev_cg.xlsx",NA,"all Frank2017 spids default to 'EPA_ES202_EPA-Shafer_103_20191218_key.xlsx' or 'EPA_ES204_EPA-Shafer_12_20200117_key.xlsx'"
"Carbaryl","Frank2017","DTXSID9020247","EX000522","EX000522","EPA_ES204_EPA-Shafer_12_20200117_key.xlsx","DNT_EXTRA2","all Frank2017 spids default to 'EPA_ES202_EPA-Shafer_103_20191218_key.xlsx' or 'EPA_ES204_EPA-Shafer_12_20200117_key.xlsx'"
"Cypermethrin","Frank2017","DTXSID1023998","EX000523","EPAPLT0167G05","All Assays_list_toxcast_OECD 20190524.xlsx",NA,"all Frank2017 spids default to 'EPA_ES202_EPA-Shafer_103_20191218_key.xlsx' or 'EPA_ES204_EPA-Shafer_12_20200117_key.xlsx'"
"Cypermethrin","Frank2017","DTXSID1023998","EX000523","EX000523","EPA_ES204_EPA-Shafer_12_20200117_key.xlsx","DNT_EXTRA2","all Frank2017 spids default to 'EPA_ES202_EPA-Shafer_103_20191218_key.xlsx' or 'EPA_ES204_EPA-Shafer_12_20200117_key.xlsx'"
"Lindane","Frank2017","DTXSID2020686","EX000527","EX000340","Copy of NTP91_Compounds_4NHEERL_MEA_dev_cg.xlsx",NA,"all Frank2017 spids default to 'EPA_ES202_EPA-Shafer_103_20191218_key.xlsx' or 'EPA_ES204_EPA-Shafer_12_20200117_key.xlsx'"
"Lindane","Frank2017","DTXSID2020686","EX000527","EX000527","EPA_ES204_EPA-Shafer_12_20200117_key.xlsx","DNT_EXTRA2","all Frank2017 spids default to 'EPA_ES202_EPA-Shafer_103_20191218_key.xlsx' or 'EPA_ES204_EPA-Shafer_12_20200117_key.xlsx'"
"Bisphenol AF","ToxCast2016","DTXSID7037717","TP0001649A01","EX000313","Copy of NTP91_Compounds_4NHEERL_MEA_dev_cg.xlsx",NA,"all ToxCast2016 spids default to 'EPA_12088_EPA-Shafer_96misc_75ul_20160826_key.xlsx'"
"Bisphenol AF","ToxCast2016","DTXSID7037717","TP0001649A01","TP0001649A01","EPA_12088_EPA-Shafer_96misc_75ul_20160826_key.xlsx","TP0001649","all ToxCast2016 spids default to 'EPA_12088_EPA-Shafer_96misc_75ul_20160826_key.xlsx'"
"Busulfan","ToxCast2016","DTXSID3020910","TP0001649A05","EX000434","EPA_ES202_EPA-Shafer_103_20191218_key.xlsx","HTP_LOG","all ToxCast2016 spids default to 'EPA_12088_EPA-Shafer_96misc_75ul_20160826_key.xlsx'"
"Busulfan","ToxCast2016","DTXSID3020910","TP0001649A05","TP0001649A05","EPA_12088_EPA-Shafer_96misc_75ul_20160826_key.xlsx","TP0001649","all ToxCast2016 spids default to 'EPA_12088_EPA-Shafer_96misc_75ul_20160826_key.xlsx'"
"Mancozeb","ToxCast2016","DTXSID0034695","TP0001649B02","EPAPLT0167A10","All Assays_list_toxcast_OECD 20190524.xlsx",NA,"all ToxCast2016 spids default to 'EPA_12088_EPA-Shafer_96misc_75ul_20160826_key.xlsx'"
"Mancozeb","ToxCast2016","DTXSID0034695","TP0001649B02","TP0001649B02","EPA_12088_EPA-Shafer_96misc_75ul_20160826_key.xlsx","TP0001649","all ToxCast2016 spids default to 'EPA_12088_EPA-Shafer_96misc_75ul_20160826_key.xlsx'"
"Benz(a)anthracene","ToxCast2016","DTXSID5023902","TP0001649B04","EX000303","Copy of NTP91_Compounds_4NHEERL_MEA_dev_cg.xlsx",NA,"all ToxCast2016 spids default to 'EPA_12088_EPA-Shafer_96misc_75ul_20160826_key.xlsx'"
"Benz(a)anthracene","ToxCast2016","DTXSID5023902","TP0001649B04","TP0001649B04","EPA_12088_EPA-Shafer_96misc_75ul_20160826_key.xlsx","TP0001649","all ToxCast2016 spids default to 'EPA_12088_EPA-Shafer_96misc_75ul_20160826_key.xlsx'"
"6-propyl-2-thiouracil,6 Propyl 2 thiouracil","ToxCast2016","DTXSID5021209","TP0001649B07","EX000292","Copy of NTP91_Compounds_4NHEERL_MEA_dev_cg.xlsx",NA,"all ToxCast2016 spids default to 'EPA_12088_EPA-Shafer_96misc_75ul_20160826_key.xlsx'"
"6-propyl-2-thiouracil,6 Propyl 2 thiouracil","ToxCast2016","DTXSID5021209","TP0001649B07","EX000421","EPA_ES202_EPA-Shafer_103_20191218_key.xlsx","HTP_LOG","all ToxCast2016 spids default to 'EPA_12088_EPA-Shafer_96misc_75ul_20160826_key.xlsx'"
"6-propyl-2-thiouracil,6 Propyl 2 thiouracil","ToxCast2016","DTXSID5021209","TP0001649B07","TP0001649B07","EPA_12088_EPA-Shafer_96misc_75ul_20160826_key.xlsx","TP0001649","all ToxCast2016 spids default to 'EPA_12088_EPA-Shafer_96misc_75ul_20160826_key.xlsx'"
"D-Mannitol","ToxCast2016","DTXSID1023235","TP0001649B08","EPAPLT0167F06","All Assays_list_toxcast_OECD 20190524.xlsx",NA,"all ToxCast2016 spids default to 'EPA_12088_EPA-Shafer_96misc_75ul_20160826_key.xlsx'"
"D-Mannitol","ToxCast2016","DTXSID1023235","TP0001649B08","TP0001649B08","EPA_12088_EPA-Shafer_96misc_75ul_20160826_key.xlsx","TP0001649","all ToxCast2016 spids default to 'EPA_12088_EPA-Shafer_96misc_75ul_20160826_key.xlsx'"
"Boscalid","ToxCast2016","DTXSID6034392","TP0001649B09","EPAPLT0167D05","All Assays_list_toxcast_OECD 20190524.xlsx",NA,"all ToxCast2016 spids default to 'EPA_12088_EPA-Shafer_96misc_75ul_20160826_key.xlsx'"
"Boscalid","ToxCast2016","DTXSID6034392","TP0001649B09","TP0001649B09","EPA_12088_EPA-Shafer_96misc_75ul_20160826_key.xlsx","TP0001649","all ToxCast2016 spids default to 'EPA_12088_EPA-Shafer_96misc_75ul_20160826_key.xlsx'"
"Parathion","ToxCast2016","DTXSID7021100","TP0001649B11","EX000345","Copy of NTP91_Compounds_4NHEERL_MEA_dev_cg.xlsx",NA,"all ToxCast2016 spids default to 'EPA_12088_EPA-Shafer_96misc_75ul_20160826_key.xlsx'"
"Parathion","ToxCast2016","DTXSID7021100","TP0001649B11","TP0001649B11","EPA_12088_EPA-Shafer_96misc_75ul_20160826_key.xlsx","TP0001649","all ToxCast2016 spids default to 'EPA_12088_EPA-Shafer_96misc_75ul_20160826_key.xlsx'"
"Chlordane","ToxCast2016","DTXSID7020267","TP0001649C05","EX000435","EPA_ES202_EPA-Shafer_103_20191218_key.xlsx","HTP_LOG","all ToxCast2016 spids default to 'EPA_12088_EPA-Shafer_96misc_75ul_20160826_key.xlsx'"
"Chlordane","ToxCast2016","DTXSID7020267","TP0001649C05","TP0001649C05","EPA_12088_EPA-Shafer_96misc_75ul_20160826_key.xlsx","TP0001649","all ToxCast2016 spids default to 'EPA_12088_EPA-Shafer_96misc_75ul_20160826_key.xlsx'"
"Phenanthrene","ToxCast2016","DTXSID6024254","TP0001649D02","EX000347","Copy of NTP91_Compounds_4NHEERL_MEA_dev_cg.xlsx",NA,"all ToxCast2016 spids default to 'EPA_12088_EPA-Shafer_96misc_75ul_20160826_key.xlsx'"
"Phenanthrene","ToxCast2016","DTXSID6024254","TP0001649D02","TP0001649D02","EPA_12088_EPA-Shafer_96misc_75ul_20160826_key.xlsx","TP0001649","all ToxCast2016 spids default to 'EPA_12088_EPA-Shafer_96misc_75ul_20160826_key.xlsx'"
"pp-DDT","ToxCast2016","DTXSID4020375","TP0001649D03","EX000328","Copy of NTP91_Compounds_4NHEERL_MEA_dev_cg.xlsx",NA,"all ToxCast2016 spids default to 'EPA_12088_EPA-Shafer_96misc_75ul_20160826_key.xlsx'"
"pp-DDT","ToxCast2016","DTXSID4020375","TP0001649D03","TP0001649D03","EPA_12088_EPA-Shafer_96misc_75ul_20160826_key.xlsx","TP0001649","all ToxCast2016 spids default to 'EPA_12088_EPA-Shafer_96misc_75ul_20160826_key.xlsx'"
"Acenaphthene","ToxCast2016","DTXSID3021774","TP0001649D09","EX000293","Copy of NTP91_Compounds_4NHEERL_MEA_dev_cg.xlsx",NA,"all ToxCast2016 spids default to 'EPA_12088_EPA-Shafer_96misc_75ul_20160826_key.xlsx'"
"Acenaphthene","ToxCast2016","DTXSID3021774","TP0001649D09","TP0001649D09","EPA_12088_EPA-Shafer_96misc_75ul_20160826_key.xlsx","TP0001649","all ToxCast2016 spids default to 'EPA_12088_EPA-Shafer_96misc_75ul_20160826_key.xlsx'"
"Spirodiclofen","ToxCast2016","DTXSID6034928","TP0001649D12","EPAPLT0167D04","All Assays_list_toxcast_OECD 20190524.xlsx",NA,"all ToxCast2016 spids default to 'EPA_12088_EPA-Shafer_96misc_75ul_20160826_key.xlsx'"
"Spirodiclofen","ToxCast2016","DTXSID6034928","TP0001649D12","TP0001649D12","EPA_12088_EPA-Shafer_96misc_75ul_20160826_key.xlsx","TP0001649","all ToxCast2016 spids default to 'EPA_12088_EPA-Shafer_96misc_75ul_20160826_key.xlsx'"
"3 Iodo 2 propynyl N butylcarbamate,IPBC","ToxCast2016","DTXSID0028038","TP0001649E01","EX000317","Copy of NTP91_Compounds_4NHEERL_MEA_dev_cg.xlsx",NA,"all ToxCast2016 spids default to 'EPA_12088_EPA-Shafer_96misc_75ul_20160826_key.xlsx'"
"3 Iodo 2 propynyl N butylcarbamate,IPBC","ToxCast2016","DTXSID0028038","TP0001649E01","TP0001649E01","EPA_12088_EPA-Shafer_96misc_75ul_20160826_key.xlsx","TP0001649","all ToxCast2016 spids default to 'EPA_12088_EPA-Shafer_96misc_75ul_20160826_key.xlsx'"
"Disulfiram - ToxCast G-8","ToxCast2016","DTXSID1021322","TP0001649E11","EX000356","Copy of NTP91_Compounds_4NHEERL_MEA_dev_cg.xlsx",NA,"all ToxCast2016 spids default to 'EPA_12088_EPA-Shafer_96misc_75ul_20160826_key.xlsx'"
"Disulfiram - ToxCast G-8","ToxCast2016","DTXSID1021322","TP0001649E11","TP0001649E11","EPA_12088_EPA-Shafer_96misc_75ul_20160826_key.xlsx","TP0001649","all ToxCast2016 spids default to 'EPA_12088_EPA-Shafer_96misc_75ul_20160826_key.xlsx'"
"Cyfluthrin","ToxCast2016","DTXSID5035957","TP0001649F02","EPAPLT0167F10","All Assays_list_toxcast_OECD 20190524.xlsx",NA,"all ToxCast2016 spids default to 'EPA_12088_EPA-Shafer_96misc_75ul_20160826_key.xlsx'"
"Cyfluthrin","ToxCast2016","DTXSID5035957","TP0001649F02","TP0001649F02","EPA_12088_EPA-Shafer_96misc_75ul_20160826_key.xlsx","TP0001649","all ToxCast2016 spids default to 'EPA_12088_EPA-Shafer_96misc_75ul_20160826_key.xlsx'"
"Flufenacet","ToxCast2016","DTXSID2032552","TP0001649F04","EPAPLT0167E04","All Assays_list_toxcast_OECD 20190524.xlsx",NA,"all ToxCast2016 spids default to 'EPA_12088_EPA-Shafer_96misc_75ul_20160826_key.xlsx'"
"Flufenacet","ToxCast2016","DTXSID2032552","TP0001649F04","TP0001649F04","EPA_12088_EPA-Shafer_96misc_75ul_20160826_key.xlsx","TP0001649","all ToxCast2016 spids default to 'EPA_12088_EPA-Shafer_96misc_75ul_20160826_key.xlsx'"
"Boric acid","ToxCast2016","DTXSID1020194","TP0001649F05","EX000425","EPA_ES202_EPA-Shafer_103_20191218_key.xlsx","HTP_LOG","all ToxCast2016 spids default to 'EPA_12088_EPA-Shafer_96misc_75ul_20160826_key.xlsx'"
"Boric acid","ToxCast2016","DTXSID1020194","TP0001649F05","EX000426","EPA_ES202_EPA-Shafer_103_20191218_key.xlsx","HTP_LOG","all ToxCast2016 spids default to 'EPA_12088_EPA-Shafer_96misc_75ul_20160826_key.xlsx'"
"Boric acid","ToxCast2016","DTXSID1020194","TP0001649F05","TP0001649F05","EPA_12088_EPA-Shafer_96misc_75ul_20160826_key.xlsx","TP0001649","all ToxCast2016 spids default to 'EPA_12088_EPA-Shafer_96misc_75ul_20160826_key.xlsx'"
"Disulfoton","ToxCast2016","DTXSID0022018","TP0001649F06","EPAPLT0167C04","All Assays_list_toxcast_OECD 20190524.xlsx",NA,"all ToxCast2016 spids default to 'EPA_12088_EPA-Shafer_96misc_75ul_20160826_key.xlsx'"
"Disulfoton","ToxCast2016","DTXSID0022018","TP0001649F06","TP0001649F06","EPA_12088_EPA-Shafer_96misc_75ul_20160826_key.xlsx","TP0001649","all ToxCast2016 spids default to 'EPA_12088_EPA-Shafer_96misc_75ul_20160826_key.xlsx'"
"Clothiandin","ToxCast2016","DTXSID2034465","TP0001649F07","EPAPLT0167C09","All Assays_list_toxcast_OECD 20190524.xlsx",NA,"all ToxCast2016 spids default to 'EPA_12088_EPA-Shafer_96misc_75ul_20160826_key.xlsx'"
"Clothiandin","ToxCast2016","DTXSID2034465","TP0001649F07","TP0001649F07","EPA_12088_EPA-Shafer_96misc_75ul_20160826_key.xlsx","TP0001649","all ToxCast2016 spids default to 'EPA_12088_EPA-Shafer_96misc_75ul_20160826_key.xlsx'"
"Captan","ToxCast2016","DTXSID9020243","TP0001649F11","EX000316","Copy of NTP91_Compounds_4NHEERL_MEA_dev_cg.xlsx",NA,"all ToxCast2016 spids default to 'EPA_12088_EPA-Shafer_96misc_75ul_20160826_key.xlsx'"
"Captan","ToxCast2016","DTXSID9020243","TP0001649F11","TP0001649F11","EPA_12088_EPA-Shafer_96misc_75ul_20160826_key.xlsx","TP0001649","all ToxCast2016 spids default to 'EPA_12088_EPA-Shafer_96misc_75ul_20160826_key.xlsx'"
"Allethrin","ToxCast2016","DTXSID8035180","TP0001649F12","EPAPLT0167B05","All Assays_list_toxcast_OECD 20190524.xlsx",NA,"all ToxCast2016 spids default to 'EPA_12088_EPA-Shafer_96misc_75ul_20160826_key.xlsx'"
"Allethrin","ToxCast2016","DTXSID8035180","TP0001649F12","TP0001649F12","EPA_12088_EPA-Shafer_96misc_75ul_20160826_key.xlsx","TP0001649","all ToxCast2016 spids default to 'EPA_12088_EPA-Shafer_96misc_75ul_20160826_key.xlsx'"
"Diphenhydramine","ToxCast2016","DTXSID4020537","TP0001649G01","EX000401","EPA_ES202_EPA-Shafer_103_20191218_key.xlsx","HTP_LOG","all ToxCast2016 spids default to 'EPA_12088_EPA-Shafer_96misc_75ul_20160826_key.xlsx'"
"Diphenhydramine","ToxCast2016","DTXSID4020537","TP0001649G01","TP0001649G01","EPA_12088_EPA-Shafer_96misc_75ul_20160826_key.xlsx","TP0001649","all ToxCast2016 spids default to 'EPA_12088_EPA-Shafer_96misc_75ul_20160826_key.xlsx'"
"Benzo(b)fluoranthene","ToxCast2016","DTXSID0023907","TP0001649G02","EX000305","Copy of NTP91_Compounds_4NHEERL_MEA_dev_cg.xlsx",NA,"all ToxCast2016 spids default to 'EPA_12088_EPA-Shafer_96misc_75ul_20160826_key.xlsx'"
"Benzo(b)fluoranthene","ToxCast2016","DTXSID0023907","TP0001649G02","TP0001649G02","EPA_12088_EPA-Shafer_96misc_75ul_20160826_key.xlsx","TP0001649","all ToxCast2016 spids default to 'EPA_12088_EPA-Shafer_96misc_75ul_20160826_key.xlsx'"
"Aspirin","ToxCast2016","DTXSID5020108","TP0001649G04","EPAPLT0167G04","All Assays_list_toxcast_OECD 20190524.xlsx",NA,"all ToxCast2016 spids default to 'EPA_12088_EPA-Shafer_96misc_75ul_20160826_key.xlsx'"
"Aspirin","ToxCast2016","DTXSID5020108","TP0001649G04","EX000297","Copy of NTP91_Compounds_4NHEERL_MEA_dev_cg.xlsx",NA,"all ToxCast2016 spids default to 'EPA_12088_EPA-Shafer_96misc_75ul_20160826_key.xlsx'"
"Aspirin","ToxCast2016","DTXSID5020108","TP0001649G04","TP0001649G04","EPA_12088_EPA-Shafer_96misc_75ul_20160826_key.xlsx","TP0001649","all ToxCast2016 spids default to 'EPA_12088_EPA-Shafer_96misc_75ul_20160826_key.xlsx'"
"17beta Estradiol","ToxCast2016","DTXSID0020573","TP0001649G08","EX000331","Copy of NTP91_Compounds_4NHEERL_MEA_dev_cg.xlsx",NA,"all ToxCast2016 spids default to 'EPA_12088_EPA-Shafer_96misc_75ul_20160826_key.xlsx'"
"17beta Estradiol","ToxCast2016","DTXSID0020573","TP0001649G08","TP0001649G08","EPA_12088_EPA-Shafer_96misc_75ul_20160826_key.xlsx","TP0001649","all ToxCast2016 spids default to 'EPA_12088_EPA-Shafer_96misc_75ul_20160826_key.xlsx'"
"Rotenone - ToxCast G-8","ToxCast2016","DTXSID6021248","TP0001649H01","EX000352","Copy of NTP91_Compounds_4NHEERL_MEA_dev_cg.xlsx",NA,"all ToxCast2016 spids default to 'EPA_12088_EPA-Shafer_96misc_75ul_20160826_key.xlsx'"
"Rotenone - ToxCast G-8","ToxCast2016","DTXSID6021248","TP0001649H01","TP0001649H01","EPA_12088_EPA-Shafer_96misc_75ul_20160826_key.xlsx","TP0001649","all ToxCast2016 spids default to 'EPA_12088_EPA-Shafer_96misc_75ul_20160826_key.xlsx'"
"Fluorene","ToxCast2016","DTXSID8024105","TP0001649H04","EX000333","Copy of NTP91_Compounds_4NHEERL_MEA_dev_cg.xlsx",NA,"all ToxCast2016 spids default to 'EPA_12088_EPA-Shafer_96misc_75ul_20160826_key.xlsx'"
"Fluorene","ToxCast2016","DTXSID8024105","TP0001649H04","TP0001649H04","EPA_12088_EPA-Shafer_96misc_75ul_20160826_key.xlsx","TP0001649","all ToxCast2016 spids default to 'EPA_12088_EPA-Shafer_96misc_75ul_20160826_key.xlsx'"
"Acenaphthylene","ToxCast2016","DTXSID3023845","TP0001649H08","EX000294","Copy of NTP91_Compounds_4NHEERL_MEA_dev_cg.xlsx",NA,"all ToxCast2016 spids default to 'EPA_12088_EPA-Shafer_96misc_75ul_20160826_key.xlsx'"
"Acenaphthylene","ToxCast2016","DTXSID3023845","TP0001649H08","TP0001649H08","EPA_12088_EPA-Shafer_96misc_75ul_20160826_key.xlsx","TP0001649","all ToxCast2016 spids default to 'EPA_12088_EPA-Shafer_96misc_75ul_20160826_key.xlsx'"
"Cymoxanil","ToxCast2016","DTXSID6032358","TP0001649H09","EPAPLT0167D07","All Assays_list_toxcast_OECD 20190524.xlsx",NA,"all ToxCast2016 spids default to 'EPA_12088_EPA-Shafer_96misc_75ul_20160826_key.xlsx'"
"Cymoxanil","ToxCast2016","DTXSID6032358","TP0001649H09","TP0001649H09","EPA_12088_EPA-Shafer_96misc_75ul_20160826_key.xlsx","TP0001649","all ToxCast2016 spids default to 'EPA_12088_EPA-Shafer_96misc_75ul_20160826_key.xlsx'"
"Profenofos","OPP2015","DTXSID3032464","TT0000177A01","EX000506","EPA_ES203_EPA-Shafer_42_20200110_key.xlsx","DNT_EXTRA","all OPP2015 spids from 'EPA_11118_EPA-Mundy_27FR_100mM_20150701_cg.xlsx'"
"Profenofos","OPP2015","DTXSID3032464","TT0000177A01","TT0000177A01","EPA_11118_EPA-Mundy_27FR_100mM_20150701_cg.xlsx","TT0000177","all OPP2015 spids from 'EPA_11118_EPA-Mundy_27FR_100mM_20150701_cg.xlsx'"
"Coumaphos","OPP2015","DTXSID2020347","TT0000177A02","EX000481","EPA_ES203_EPA-Shafer_42_20200110_key.xlsx","DNT_EXTRA","all OPP2015 spids from 'EPA_11118_EPA-Mundy_27FR_100mM_20150701_cg.xlsx'"
"Coumaphos","OPP2015","DTXSID2020347","TT0000177A02","TT0000177A02","EPA_11118_EPA-Mundy_27FR_100mM_20150701_cg.xlsx","TT0000177","all OPP2015 spids from 'EPA_11118_EPA-Mundy_27FR_100mM_20150701_cg.xlsx'"
"Bensulide","OPP2015","DTXSID9032329","TT0000177A03","EX000476","EPA_ES203_EPA-Shafer_42_20200110_key.xlsx","DNT_EXTRA","all OPP2015 spids from 'EPA_11118_EPA-Mundy_27FR_100mM_20150701_cg.xlsx'"
"Bensulide","OPP2015","DTXSID9032329","TT0000177A03","TT0000177A03","EPA_11118_EPA-Mundy_27FR_100mM_20150701_cg.xlsx","TT0000177","all OPP2015 spids from 'EPA_11118_EPA-Mundy_27FR_100mM_20150701_cg.xlsx'"
"Acephate","OPP2015","DTXSID8023846","TT0000177A04","EPAPLT0167A01","All Assays_list_toxcast_OECD 20190524.xlsx",NA,"all OPP2015 spids from 'EPA_11118_EPA-Mundy_27FR_100mM_20150701_cg.xlsx'"
"Acephate","OPP2015","DTXSID8023846","TT0000177A04","EX000474","EPA_ES203_EPA-Shafer_42_20200110_key.xlsx","DNT_EXTRA","all OPP2015 spids from 'EPA_11118_EPA-Mundy_27FR_100mM_20150701_cg.xlsx'"
"Acephate","OPP2015","DTXSID8023846","TT0000177A04","TT0000177A04","EPA_11118_EPA-Mundy_27FR_100mM_20150701_cg.xlsx","TT0000177","all OPP2015 spids from 'EPA_11118_EPA-Mundy_27FR_100mM_20150701_cg.xlsx'"
"Z-tetrachlorvinphos","OPP2015","DTXSID1032648","TT0000177B01","EX000515","EPA_ES203_EPA-Shafer_42_20200110_key.xlsx","DNT_EXTRA","all OPP2015 spids from 'EPA_11118_EPA-Mundy_27FR_100mM_20150701_cg.xlsx'"
"Z-tetrachlorvinphos","OPP2015","DTXSID1032648","TT0000177B01","TT0000177B01","EPA_11118_EPA-Mundy_27FR_100mM_20150701_cg.xlsx","TT0000177","all OPP2015 spids from 'EPA_11118_EPA-Mundy_27FR_100mM_20150701_cg.xlsx'"
"Methamidophos","OPP2015","DTXSID6024177","TT0000177B02","EPAPLT0167A08","All Assays_list_toxcast_OECD 20190524.xlsx",NA,"all OPP2015 spids from 'EPA_11118_EPA-Mundy_27FR_100mM_20150701_cg.xlsx'"
"Methamidophos","OPP2015","DTXSID6024177","TT0000177B02","EX000496","EPA_ES203_EPA-Shafer_42_20200110_key.xlsx","DNT_EXTRA","all OPP2015 spids from 'EPA_11118_EPA-Mundy_27FR_100mM_20150701_cg.xlsx'"
"Methamidophos","OPP2015","DTXSID6024177","TT0000177B02","TT0000177B02","EPA_11118_EPA-Mundy_27FR_100mM_20150701_cg.xlsx","TT0000177","all OPP2015 spids from 'EPA_11118_EPA-Mundy_27FR_100mM_20150701_cg.xlsx'"
"Malaxon","OPP2015","DTXSID9020790","TT0000177B03","EX000493","EPA_ES203_EPA-Shafer_42_20200110_key.xlsx","DNT_EXTRA","all OPP2015 spids from 'EPA_11118_EPA-Mundy_27FR_100mM_20150701_cg.xlsx'"
"Malaxon","OPP2015","DTXSID9020790","TT0000177B03","TT0000177B03","EPA_11118_EPA-Mundy_27FR_100mM_20150701_cg.xlsx","TT0000177","all OPP2015 spids from 'EPA_11118_EPA-Mundy_27FR_100mM_20150701_cg.xlsx'"
"Fosthiazate","OPP2015","DTXSID0034930","TT0000177B04","EX000490","EPA_ES203_EPA-Shafer_42_20200110_key.xlsx","DNT_EXTRA","all OPP2015 spids from 'EPA_11118_EPA-Mundy_27FR_100mM_20150701_cg.xlsx'"
"Fosthiazate","OPP2015","DTXSID0034930","TT0000177B04","TT0000177B04","EPA_11118_EPA-Mundy_27FR_100mM_20150701_cg.xlsx","TT0000177","all OPP2015 spids from 'EPA_11118_EPA-Mundy_27FR_100mM_20150701_cg.xlsx'"
"Dichlorvos","OPP2015","DTXSID5020449","TT0000177C01","EX000484","EPA_ES203_EPA-Shafer_42_20200110_key.xlsx","DNT_EXTRA","all OPP2015 spids from 'EPA_11118_EPA-Mundy_27FR_100mM_20150701_cg.xlsx'"
"Dichlorvos","OPP2015","DTXSID5020449","TT0000177C01","TT0000177C01","EPA_11118_EPA-Mundy_27FR_100mM_20150701_cg.xlsx","TT0000177","all OPP2015 spids from 'EPA_11118_EPA-Mundy_27FR_100mM_20150701_cg.xlsx'"
"Tebupirimfos","OPP2015","DTXSID1032482","TT0000177C02","EX000508","EPA_ES203_EPA-Shafer_42_20200110_key.xlsx","DNT_EXTRA","all OPP2015 spids from 'EPA_11118_EPA-Mundy_27FR_100mM_20150701_cg.xlsx'"
"Tebupirimfos","OPP2015","DTXSID1032482","TT0000177C02","TT0000177C02","EPA_11118_EPA-Mundy_27FR_100mM_20150701_cg.xlsx","TT0000177","all OPP2015 spids from 'EPA_11118_EPA-Mundy_27FR_100mM_20150701_cg.xlsx'"
"Phosmet","OPP2015","DTXSID5024261","TT0000177C03","EX000504","EPA_ES203_EPA-Shafer_42_20200110_key.xlsx","DNT_EXTRA","all OPP2015 spids from 'EPA_11118_EPA-Mundy_27FR_100mM_20150701_cg.xlsx'"
"Phosmet","OPP2015","DTXSID5024261","TT0000177C03","TT0000177C03","EPA_11118_EPA-Mundy_27FR_100mM_20150701_cg.xlsx","TT0000177","all OPP2015 spids from 'EPA_11118_EPA-Mundy_27FR_100mM_20150701_cg.xlsx'"
"Omethoate","OPP2015","DTXSID4037580","TT0000177C04","EX000502","EPA_ES203_EPA-Shafer_42_20200110_key.xlsx","DNT_EXTRA","all OPP2015 spids from 'EPA_11118_EPA-Mundy_27FR_100mM_20150701_cg.xlsx'"
"Omethoate","OPP2015","DTXSID4037580","TT0000177C04","TT0000177C04","EPA_11118_EPA-Mundy_27FR_100mM_20150701_cg.xlsx","TT0000177","all OPP2015 spids from 'EPA_11118_EPA-Mundy_27FR_100mM_20150701_cg.xlsx'"
"Ethoprop","OPP2015","DTXSID4032611","TT0000177D01","EX000488","EPA_ES203_EPA-Shafer_42_20200110_key.xlsx","DNT_EXTRA","all OPP2015 spids from 'EPA_11118_EPA-Mundy_27FR_100mM_20150701_cg.xlsx'"
"Ethoprop","OPP2015","DTXSID4032611","TT0000177D01","TT0000177D01","EPA_11118_EPA-Mundy_27FR_100mM_20150701_cg.xlsx","TT0000177","all OPP2015 spids from 'EPA_11118_EPA-Mundy_27FR_100mM_20150701_cg.xlsx'"
"Malathion","OPP2015","DTXSID4020791","TT0000177D02","EPAPLT0167G08","All Assays_list_toxcast_OECD 20190524.xlsx",NA,"all OPP2015 spids from 'EPA_11118_EPA-Mundy_27FR_100mM_20150701_cg.xlsx'"
"Malathion","OPP2015","DTXSID4020791","TT0000177D02","EX000494","EPA_ES203_EPA-Shafer_42_20200110_key.xlsx","DNT_EXTRA","all OPP2015 spids from 'EPA_11118_EPA-Mundy_27FR_100mM_20150701_cg.xlsx'"
"Malathion","OPP2015","DTXSID4020791","TT0000177D02","TT0000177D02","EPA_11118_EPA-Mundy_27FR_100mM_20150701_cg.xlsx","TT0000177","all OPP2015 spids from 'EPA_11118_EPA-Mundy_27FR_100mM_20150701_cg.xlsx'"
"Pirimiphos-methyl","OPP2015","DTXSID0024266","TT0000177D03","EX000505","EPA_ES203_EPA-Shafer_42_20200110_key.xlsx","DNT_EXTRA","all OPP2015 spids from 'EPA_11118_EPA-Mundy_27FR_100mM_20150701_cg.xlsx'"
"Pirimiphos-methyl","OPP2015","DTXSID0024266","TT0000177D03","TT0000177D03","EPA_11118_EPA-Mundy_27FR_100mM_20150701_cg.xlsx","TT0000177","all OPP2015 spids from 'EPA_11118_EPA-Mundy_27FR_100mM_20150701_cg.xlsx'"
"Terbufos","OPP2015","DTXSID2022254","TT0000177E01","EX000509","EPA_ES203_EPA-Shafer_42_20200110_key.xlsx","DNT_EXTRA","all OPP2015 spids from 'EPA_11118_EPA-Mundy_27FR_100mM_20150701_cg.xlsx'"
"Terbufos","OPP2015","DTXSID2022254","TT0000177E01","TT0000177E01","EPA_11118_EPA-Mundy_27FR_100mM_20150701_cg.xlsx","TT0000177","all OPP2015 spids from 'EPA_11118_EPA-Mundy_27FR_100mM_20150701_cg.xlsx'"
"Chlorpyrifos","OPP2015","DTXSID4020458","TT0000177E02","EX000319","Copy of NTP91_Compounds_4NHEERL_MEA_dev_cg.xlsx",NA,"all OPP2015 spids from 'EPA_11118_EPA-Mundy_27FR_100mM_20150701_cg.xlsx'"
"Chlorpyrifos","OPP2015","DTXSID4020458","TT0000177E02","EX000384","EPA_ES202_EPA-Shafer_103_20191218_key.xlsx","HTP_LOG","all OPP2015 spids from 'EPA_11118_EPA-Mundy_27FR_100mM_20150701_cg.xlsx'"
"Chlorpyrifos","OPP2015","DTXSID4020458","TT0000177E02","TT0000177E02","EPA_11118_EPA-Mundy_27FR_100mM_20150701_cg.xlsx","TT0000177","all OPP2015 spids from 'EPA_11118_EPA-Mundy_27FR_100mM_20150701_cg.xlsx'"
"Naled","OPP2015","DTXSID1024209","TT0000177E03","EX000500","EPA_ES203_EPA-Shafer_42_20200110_key.xlsx","DNT_EXTRA","all OPP2015 spids from 'EPA_11118_EPA-Mundy_27FR_100mM_20150701_cg.xlsx'"
"Naled","OPP2015","DTXSID1024209","TT0000177E03","TT0000177E03","EPA_11118_EPA-Mundy_27FR_100mM_20150701_cg.xlsx","TT0000177","all OPP2015 spids from 'EPA_11118_EPA-Mundy_27FR_100mM_20150701_cg.xlsx'"
"Trichlorfon","OPP2015","DTXSID0021389","TT0000177F01","EPAPLT0170D03","All Assays_list_toxcast_OECD 20190524.xlsx",NA,"all OPP2015 spids from 'EPA_11118_EPA-Mundy_27FR_100mM_20150701_cg.xlsx'"
"Trichlorfon","OPP2015","DTXSID0021389","TT0000177F01","EX000513","EPA_ES203_EPA-Shafer_42_20200110_key.xlsx","DNT_EXTRA","all OPP2015 spids from 'EPA_11118_EPA-Mundy_27FR_100mM_20150701_cg.xlsx'"
"Trichlorfon","OPP2015","DTXSID0021389","TT0000177F01","TT0000177F01","EPA_11118_EPA-Mundy_27FR_100mM_20150701_cg.xlsx","TT0000177","all OPP2015 spids from 'EPA_11118_EPA-Mundy_27FR_100mM_20150701_cg.xlsx'"
"Phorate","OPP2015","DTXSID4032459","TT0000177F02","EX000503","EPA_ES203_EPA-Shafer_42_20200110_key.xlsx","DNT_EXTRA","all OPP2015 spids from 'EPA_11118_EPA-Mundy_27FR_100mM_20150701_cg.xlsx'"
"Phorate","OPP2015","DTXSID4032459","TT0000177F02","TT0000177F02","EPA_11118_EPA-Mundy_27FR_100mM_20150701_cg.xlsx","TT0000177","all OPP2015 spids from 'EPA_11118_EPA-Mundy_27FR_100mM_20150701_cg.xlsx'"
"Tribufos","OPP2015","DTXSID1024174","TT0000177F03","EX000512","EPA_ES203_EPA-Shafer_42_20200110_key.xlsx","DNT_EXTRA","all OPP2015 spids from 'EPA_11118_EPA-Mundy_27FR_100mM_20150701_cg.xlsx'"
"Tribufos","OPP2015","DTXSID1024174","TT0000177F03","TT0000177F03","EPA_11118_EPA-Mundy_27FR_100mM_20150701_cg.xlsx","TT0000177","all OPP2015 spids from 'EPA_11118_EPA-Mundy_27FR_100mM_20150701_cg.xlsx'"
"Diazoxon","OPP2015","DTXSID5037523","TT0000177G01","EX000483","EPA_ES203_EPA-Shafer_42_20200110_key.xlsx","DNT_EXTRA","all OPP2015 spids from 'EPA_11118_EPA-Mundy_27FR_100mM_20150701_cg.xlsx'"
"Diazoxon","OPP2015","DTXSID5037523","TT0000177G01","TT0000177G01","EPA_11118_EPA-Mundy_27FR_100mM_20150701_cg.xlsx","TT0000177","all OPP2015 spids from 'EPA_11118_EPA-Mundy_27FR_100mM_20150701_cg.xlsx'"
"Chlorpyrifos oxon","OPP2015","DTXSID1038666","TT0000177G02","EX000375","EPA_ES202_EPA-Shafer_103_20191218_key.xlsx","HTP_LOG","all OPP2015 spids from 'EPA_11118_EPA-Mundy_27FR_100mM_20150701_cg.xlsx'"
"Chlorpyrifos oxon","OPP2015","DTXSID1038666","TT0000177G02","EX000376","EPA_ES202_EPA-Shafer_103_20191218_key.xlsx","HTP_LOG","all OPP2015 spids from 'EPA_11118_EPA-Mundy_27FR_100mM_20150701_cg.xlsx'"
"Chlorpyrifos oxon","OPP2015","DTXSID1038666","TT0000177G02","EX000377","EPA_ES202_EPA-Shafer_103_20191218_key.xlsx","HTP_LOG","all OPP2015 spids from 'EPA_11118_EPA-Mundy_27FR_100mM_20150701_cg.xlsx'"
"Chlorpyrifos oxon","OPP2015","DTXSID1038666","TT0000177G02","EX000378","EPA_ES202_EPA-Shafer_103_20191218_key.xlsx","HTP_LOG","all OPP2015 spids from 'EPA_11118_EPA-Mundy_27FR_100mM_20150701_cg.xlsx'"
"Chlorpyrifos oxon","OPP2015","DTXSID1038666","TT0000177G02","EX000379","EPA_ES202_EPA-Shafer_103_20191218_key.xlsx","HTP_LOG","all OPP2015 spids from 'EPA_11118_EPA-Mundy_27FR_100mM_20150701_cg.xlsx'"
"Chlorpyrifos oxon","OPP2015","DTXSID1038666","TT0000177G02","TT0000177G02","EPA_11118_EPA-Mundy_27FR_100mM_20150701_cg.xlsx","TT0000177","all OPP2015 spids from 'EPA_11118_EPA-Mundy_27FR_100mM_20150701_cg.xlsx'"
"Chlorethoxyfos","OPP2015","DTXSID2032344","TT0000177G03","EX000479","EPA_ES203_EPA-Shafer_42_20200110_key.xlsx","DNT_EXTRA","all OPP2015 spids from 'EPA_11118_EPA-Mundy_27FR_100mM_20150701_cg.xlsx'"
"Chlorethoxyfos","OPP2015","DTXSID2032344","TT0000177G03","TT0000177G03","EPA_11118_EPA-Mundy_27FR_100mM_20150701_cg.xlsx","TT0000177","all OPP2015 spids from 'EPA_11118_EPA-Mundy_27FR_100mM_20150701_cg.xlsx'"
"Diazonon","OPP2015","DTXSID9020407","TT0000177H01","EPAPLT0170D06","All Assays_list_toxcast_OECD 20190524.xlsx",NA,"all OPP2015 spids from 'EPA_11118_EPA-Mundy_27FR_100mM_20150701_cg.xlsx'"
"Diazonon","OPP2015","DTXSID9020407","TT0000177H01","EX000482","EPA_ES203_EPA-Shafer_42_20200110_key.xlsx","DNT_EXTRA","all OPP2015 spids from 'EPA_11118_EPA-Mundy_27FR_100mM_20150701_cg.xlsx'"
"Diazonon","OPP2015","DTXSID9020407","TT0000177H01","TT0000177H01","EPA_11118_EPA-Mundy_27FR_100mM_20150701_cg.xlsx","TT0000177","all OPP2015 spids from 'EPA_11118_EPA-Mundy_27FR_100mM_20150701_cg.xlsx'"
"Dimethoate","OPP2015","DTXSID7020479","TT0000177H02","EPAPLT0167G06","All Assays_list_toxcast_OECD 20190524.xlsx",NA,"all OPP2015 spids from 'EPA_11118_EPA-Mundy_27FR_100mM_20150701_cg.xlsx'"
"Dimethoate","OPP2015","DTXSID7020479","TT0000177H02","EX000486","EPA_ES203_EPA-Shafer_42_20200110_key.xlsx","DNT_EXTRA","all OPP2015 spids from 'EPA_11118_EPA-Mundy_27FR_100mM_20150701_cg.xlsx'"
"Dimethoate","OPP2015","DTXSID7020479","TT0000177H02","TT0000177H02","EPA_11118_EPA-Mundy_27FR_100mM_20150701_cg.xlsx","TT0000177","all OPP2015 spids from 'EPA_11118_EPA-Mundy_27FR_100mM_20150701_cg.xlsx'"
"Dicrotophos","OPP2015","DTXSID9023914","TT0000177H03","EX000485","EPA_ES203_EPA-Shafer_42_20200110_key.xlsx","DNT_EXTRA","all OPP2015 spids from 'EPA_11118_EPA-Mundy_27FR_100mM_20150701_cg.xlsx'"
"Dicrotophos","OPP2015","DTXSID9023914","TT0000177H03","TT0000177H03","EPA_11118_EPA-Mundy_27FR_100mM_20150701_cg.xlsx","TT0000177","all OPP2015 spids from 'EPA_11118_EPA-Mundy_27FR_100mM_20150701_cg.xlsx'"
